Product Name,Price,Link,Image,Stock Status,Stock Qty
Fibre Optical Hdmi 20M Cable 4K,8358,https://nonsmanonline.com/product/fibre-optical-hdmi-20m-cable-4k/,https://nonsmanonline.com/wp-content/uploads/2025/11/61027_1660575518.webp,In Stock,Available
Fifine Technology K053 Wired Mic,8358,https://nonsmanonline.com/product/fifine-technology-k053-wired-mic/,https://nonsmanonline.com/wp-content/uploads/2025/11/FIFINE-K053-A.webp,In Stock,Available
Gkm901 Mini Wireless Keyboard + Mouse,8358,https://nonsmanonline.com/product/gkm901-mini-wireless-keyboard-mouse/,https://nonsmanonline.com/wp-content/uploads/2025/11/5M9d5nFpZIDyL-kN.jpg,In Stock,Available
Goliathus Big Gaming Mouse Pad/Mat,5000,https://nonsmanonline.com/product/goliathus-big-gaming-mouse-pad-mat/,https://nonsmanonline.com/wp-content/uploads/2025/11/images-60.jpg,Out Stock,Unavailable
H-17 Mouse Pad With Wrist Support,8358,https://nonsmanonline.com/product/h-17-mouse-pad-with-wrist-support/,https://nonsmanonline.com/wp-content/uploads/2025/11/61i6XV0Zz4S._AC_UL210_SR210210_.jpg,In Stock,Available
H-18 Mouse Pad with Gel Wrist Rest,8358,https://nonsmanonline.com/product/h-18-mouse-pad-with-gel-wrist-rest/,https://nonsmanonline.com/wp-content/uploads/2025/11/GOL0711ST0502.jpg,In Stock,Available
Hdmi to Usb 2.0 Z26 Capture Card Best Buy,8358,https://nonsmanonline.com/product/hdmi-to-usb-2-0-z26-capture-card-best-buy-2/,https://nonsmanonline.com/wp-content/uploads/2025/11/Z26-A.png,In Stock,Available
Hiksemi E307C Dual Slim Type C 16gb Flash Drive,8358,https://nonsmanonline.com/product/hiksemi-e307c-dual-slim-type-c-16gb-flash-drive/,https://nonsmanonline.com/wp-content/uploads/HS-USB-E307C-32G_wr_05-600x600-1.jpg,In Stock,Available
Hiksemi HSC408S32Z1 DDR4 8gb Laptop RAM,8358,https://nonsmanonline.com/product/hiksemi-hsc408s32z1-ddr4-8gb-laptop-ram/,https://nonsmanonline.com/wp-content/uploads/HikvisionHiksemi-Hiker-DDR4-3200-8GB-Laptop-Ram-HSC408S32Z1.webp,In Stock,Available
Hiksemi HSC416S32Z1 DDR4 16gb Laptop RAM,8358,https://nonsmanonline.com/product/hiksemi-hsc416s32z1-ddr4-16gb-laptop-ram/,https://nonsmanonline.com/wp-content/uploads/HikvisionHiksemi-Hiker-DDR4-3200-8GB-Laptop-Ram-HSC408S32Z1.webp,In Stock,Available
Hiksemi HSC416U32Z1 DDR4 16gb Desktop RAM,38500,https://nonsmanonline.com/product/hiksemi-hsc416u32z1-ddr4-16gb-desktop-ram/,https://nonsmanonline.com/wp-content/uploads/2025/11/HIKSEMI-RAM-DDR4-B.png,Out Stock,Unavailable
Hiksemi M200S Rotary 16gb Flash Drive,8358,https://nonsmanonline.com/product/hiksemi-m200s-rotary-16gb-flash-drive/,https://nonsmanonline.com/wp-content/uploads/2-21.jpg,In Stock,Available
Hiksemi M200S Rotary 32gb Flash Drive,8358,https://nonsmanonline.com/product/hiksemi-m200s-rotary-32gb-flash-drive/,https://nonsmanonline.com/wp-content/uploads/2-21.jpg,In Stock,Available
Hiksemi M200S Rotary 4gb Flash Drive,8358,https://nonsmanonline.com/product/hiksemi-m200s-rotary-4gb-flash-drive/,https://nonsmanonline.com/wp-content/uploads/51AGqsLbHML.jpg,In Stock,Available
Hiksemi M200S Rotary 64gb Flash Drive,5000,https://nonsmanonline.com/product/hiksemi-m200s-rotary-64gb-flash-drive/,https://nonsmanonline.com/wp-content/uploads/2025/11/ROTARY-64GB-C.webp,Out Stock,Unavailable
Hiksemi M200S Rotary 8gb Flash Drive,8358,https://nonsmanonline.com/product/hiksemi-m200s-rotary-8gb-flash-drive/,https://nonsmanonline.com/wp-content/uploads/2-21.jpg,In Stock,Available
Hp 19.5V 3.33A 65w Laptop Charger Blue Pin Org.,8358,https://nonsmanonline.com/product/hp-19-5v-3-33a-65w-laptop-charger-blue-pin-org/,https://nonsmanonline.com/wp-content/uploads/2025/11/white-ADHP195V333ABP-front-1-jpg.webp,In Stock,Available
HP PD100W USB-C 18.5-20V Small Blue Pin Cable,5800,https://nonsmanonline.com/product/hp-pd100w-usb-c-18-5-20v-small-blue-pin-cable/,https://nonsmanonline.com/wp-content/uploads/2025/11/pd100w.jpg,Out Stock,Unavailable
Jabra Evolve2 65 Wireless Headset,212000,https://nonsmanonline.com/product/jabra-evolve2-65-wireless-headset/,https://nonsmanonline.com/wp-content/uploads/2025/11/Evolve2-65-a.webp,Out Stock,Unavailable
Jabra Evolve2 75 Wireless Headset,392000,https://nonsmanonline.com/product/jabra-evolve2-75-wireless-headset/,https://nonsmanonline.com/wp-content/uploads/2025/11/93813269_2042692545.jpg,Out Stock,Unavailable
Jbl Channel Soundbar: Bar 1000 Tws Best Quality,8358,https://nonsmanonline.com/product/jbl-channel-soundbar-bar-1000-tws-best-quality/,https://nonsmanonline.com/wp-content/uploads/2025/11/JBLBar1000_WEB_HERO.webp,In Stock,Available
Jbl Charge 5 Bluetooth Speaker Ash,8358,https://nonsmanonline.com/product/jbl-charge-5-bluetooth-speaker-ash/,https://nonsmanonline.com/wp-content/uploads/2025/11/69398_1649793842.webp,In Stock,Available
JBL Charge 5 Bluetooth Speaker Outdoor Camouflage,8358,https://nonsmanonline.com/product/jbl-charge-5-bluetooth-speaker-outdoor-camouflage/,https://nonsmanonline.com/wp-content/uploads/2025/11/69398_1649795134.webp,In Stock,Available
JBL Charge 5 Portable Bluetooth Speaker &#8211; Red,162000,https://nonsmanonline.com/product/jbl-charge-5-portable-bluetooth-speaker-red/,https://nonsmanonline.com/wp-content/uploads/2025/11/charge-5-14.jpg,Out Stock,Unavailable
JBL Charge 5 Portable Bluetooth Speaker Black,8358,https://nonsmanonline.com/product/jbl-charge-5-portable-bluetooth-speaker-black/,https://nonsmanonline.com/wp-content/uploads/2025/11/b9f950b8ed593394fda48cb57433ab5cc149058d_Charge_5_BLK_Hero7.jpg,In Stock,Available
JBL Charge 5 Portable Bluetooth Speaker Blue,8358,https://nonsmanonline.com/product/jbl-charge-5-portable-bluetooth-speaker-blue-2/,https://nonsmanonline.com/wp-content/uploads/2025/11/69398_1649794830-1.webp,In Stock,Available
JBL Charge 5 Portable Wifi Speaker,8358,https://nonsmanonline.com/product/jbl-charge-5-portable-wifi-speaker/,https://nonsmanonline.com/wp-content/uploads/2025/11/JBL-WIFI.webp,In Stock,Available
JBL Clip 4 Portable Bluetooth Speaker &#8211; Blue,8358,https://nonsmanonline.com/product/jbl-clip-4-portable-bluetooth-speaker-blue/,https://nonsmanonline.com/wp-content/uploads/2025/11/04-blue-5.webp,In Stock,Available
JBL Clip 4 Portable Bluetooth Speaker- Camouflage,8358,https://nonsmanonline.com/product/jbl-clip-4-portable-bluetooth-speaker-camouflage-2/,https://nonsmanonline.com/wp-content/uploads/2025/11/1-2023-11-11T132930.408.jpg,In Stock,Available
JBL Clip 4 Portable Bluetooth Speaker-Ash,8358,https://nonsmanonline.com/product/jbl-clip-4-portable-bluetooth-speaker-ash/,https://nonsmanonline.com/wp-content/uploads/2025/11/13_JBL-CLIP-4_gray02.png,In Stock,Available
JBL Clip 4 Portable Bluetooth Speaker-Black,8358,https://nonsmanonline.com/product/jbl-clip-4-portable-bluetooth-speaker-black/,https://nonsmanonline.com/wp-content/uploads/2025/11/JBL_CLIP4_BB_600x600-removebg-preview-1.png,In Stock,Available
JBL Clip 5 Portable Bluetooth Speaker &#8211; Blue,8358,https://nonsmanonline.com/product/jbl-clip-5-portable-bluetooth-speaker-blue/,https://nonsmanonline.com/wp-content/uploads/woocommerce-placeholder.webp,In Stock,Available
JBL Clip 5 Portable Bluetooth Speaker &#8211; Red,8358,https://nonsmanonline.com/product/jbl-clip-5-portable-bluetooth-speaker-red/,https://nonsmanonline.com/wp-content/uploads/2025/11/227899_1714119175.webp,In Stock,Available
JBL Clip 5 Portable Bluetooth Speaker-Camouflage,8358,https://nonsmanonline.com/product/jbl-clip-5-portable-bluetooth-speaker-camouflage/,https://nonsmanonline.com/wp-content/uploads/2025/11/JBL-CLIP-5-B.webp,In Stock,Available
Jbl Flip 5 Pouch Blue N/M,8358,https://nonsmanonline.com/product/jbl-flip-5-pouch-blue-n-m/,https://nonsmanonline.com/wp-content/uploads/2025/11/5149ngGcnfL.jpg,In Stock,Available
Jbl Flip 5 Pouch Brown N/M,8358,https://nonsmanonline.com/product/jbl-flip-5-pouch-brown-n-m/,https://nonsmanonline.com/wp-content/uploads/2025/11/flip-b.jpg,In Stock,Available
JBL Flip 5 Speaker Portable Pouch &#8211; Burberry,8358,https://nonsmanonline.com/product/jbl-flip-5-speaker-portable-pouch-burberry/,https://nonsmanonline.com/wp-content/uploads/2025/11/20220815_162346-scaled-1.jpg,In Stock,Available
JBL Flip 6 &#8211; Portable Bluetooth Speaker-Blue,123500,https://nonsmanonline.com/product/jbl-flip-6-portable-bluetooth-speaker-blue/,https://nonsmanonline.com/wp-content/uploads/2025/11/71w5t8TW97L._SL1500_.jpg,Out Stock,Unavailable
JBL Flip 6 &#8211; Portable Waterproof Bluetooth Speaker &#8211; Grey,123500,https://nonsmanonline.com/product/jbl-flip-6-portable-waterproof-bluetooth-speaker-grey/,https://nonsmanonline.com/wp-content/uploads/2025/11/Flip6_Gray_1.webp,Out Stock,Unavailable
JBL Flip 6 &#8211; Portable Waterproof Bluetooth Speaker &#8211; Red,123500,https://nonsmanonline.com/product/jbl-flip-6-portable-waterproof-bluetooth-speaker-red/,https://nonsmanonline.com/wp-content/uploads/2025/11/LDS-0196-Titip-Jepang-JBL-Flip-6-52.jpg,Out Stock,Unavailable
Onten OTN-BT102 2 in 1 Wireless Bluetooth Audio,5400,https://nonsmanonline.com/product/onten-otn-bt102-2-in-1-wireless-bluetooth-audio/,https://nonsmanonline.com/wp-content/uploads/2025/11/OTN-BT102-A.jpg,Out Stock,Unavailable
Onten OTN-KVM200 Gen2 Usb Sharing Switch 2,22100,https://nonsmanonline.com/product/onten-otn-kvm200-gen2-usb-sharing-switch-2/,https://nonsmanonline.com/wp-content/uploads/2025/11/ONTEN-KVM200-2.jpg,Out Stock,Unavailable
Onten Otn-UC101 Usb-C to Lan Adapter 1000mbp/s,6500,https://nonsmanonline.com/product/onten-otn-uc101-usb-c-to-lan-adapter-1000mbp-s-2/,https://nonsmanonline.com/wp-content/uploads/2025/11/ONTEN-OTN-UC101-Type-c-to-RJ45-Ethernet-Adapter-1000M-100M-4.webp,Out Stock,Unavailable
Onten OTN-UC122 6 in 1 Usb-C Dock Station,10100,https://nonsmanonline.com/product/onten-otn-uc122-6-in-1-usb-c-dock-station/,https://nonsmanonline.com/wp-content/uploads/2025/11/ONTEN-UC122.jpg,Out Stock,Unavailable
Onten OTN-UC962 Usb-C Dock Station,17500,https://nonsmanonline.com/product/onten-otn-uc962-usb-c-dock-station/,https://nonsmanonline.com/wp-content/uploads/2025/11/ONTEN-OTN-UC962-B.webp,Out Stock,Unavailable
Onten OTN-Uca322+ M.2 NVMe Sata SSD Enclosure,13500,https://nonsmanonline.com/product/onten-otn-uca322-m-2-nvme-sata-ssd-enclosure-2/,https://nonsmanonline.com/wp-content/uploads/2025/11/OTN-UCA322-A.png,Out Stock,Unavailable
Onten OTN-UCA612+ 5 in 2 Usb 4 Ports Hub 10gbps,15300,https://nonsmanonline.com/product/onten-otn-uca612-5-in-2-usb-4-ports-hub-10gbps-2/,https://nonsmanonline.com/wp-content/uploads/2025/11/207948_1701169781.webp,Out Stock,Unavailable
Onten UC123 Usb-C to Hdmi 4K 3 Port,8800,https://nonsmanonline.com/product/onten-uc123-usb-c-to-hdmi-4k-3-port/,https://nonsmanonline.com/wp-content/uploads/2025/11/Onten-UC123-B.jpg,Out Stock,Unavailable
Onten UC123+ Usb-C to Hdtv Dock Station,12300,https://nonsmanonline.com/product/onten-uc123-usb-c-to-hdtv-dock-station/,https://nonsmanonline.com/wp-content/uploads/2025/11/ONTEN-UC123-A-1.png,Out Stock,Unavailable
Onten UC125 5-in-2 Usb-C to Hdmi Dock Station,14500,https://nonsmanonline.com/product/onten-uc125-5-in-2-usb-c-to-hdmi-dock-station/,https://nonsmanonline.com/wp-content/uploads/2025/11/Onten-UC125-B.jpg,Out Stock,Unavailable
Onten UC288 2-in-1 Usb-C to Hdtv+RJ45,9600,https://nonsmanonline.com/product/onten-uc288-2-in-1-usb-c-to-hdtvrj45/,https://nonsmanonline.com/wp-content/uploads/2025/11/Onten-UC288-A.png,Out Stock,Unavailable
Onten UC910 6-in-1 Usb-C Dock Station,11300,https://nonsmanonline.com/product/onten-uc910-6-in-1-usb-c-dock-station/,https://nonsmanonline.com/wp-content/uploads/2025/11/Onten-UC910-A.jpg,Out Stock,Unavailable
Onten UC961 Usb-C Docking Station 4k,19100,https://nonsmanonline.com/product/onten-uc961-usb-c-docking-station-4k/,https://nonsmanonline.com/wp-content/uploads/2025/11/ONTEN-UC961-D.png,Out Stock,Unavailable
Onten UCA610 5-in-2 4 Ports Hub,10600,https://nonsmanonline.com/product/onten-uca610-5-in-2-4-ports-hub/,https://nonsmanonline.com/wp-content/uploads/2025/11/Onten-UCA610-A.png,Out Stock,Unavailable
Onten US323 Usb Audio Video Capture Card,10900,https://nonsmanonline.com/product/onten-us323-usb-audio-video-capture-card/,https://nonsmanonline.com/wp-content/uploads/2025/11/OTN-US323-a.jpg,Out Stock,Unavailable
Onten US323T 4K Usb Audio Video Capture Card,8700,https://nonsmanonline.com/product/onten-us323t-4k-usb-audio-video-capture-card/,https://nonsmanonline.com/wp-content/uploads/2025/11/image-removebg-preview-2025-06-12T150752.599.png,Out Stock,Unavailable
Poly Sync 40+ BT700 Usb Smart Speakerphone for Meetings,356900,https://nonsmanonline.com/product/poly-sync-40-bt700-usb-smart-speakerphone-for-meetings/,https://nonsmanonline.com/wp-content/uploads/2025/11/POLY-SYNC-40-A.png,Out Stock,Unavailable
PP-1000 Laser Pointer USB Wireless Presenter,7400,https://nonsmanonline.com/product/pp-1000-laser-pointer-usb-wireless-presenter/,https://nonsmanonline.com/wp-content/uploads/2025/11/bea319ab400fb3e9247e3f6425cfc5b6.jpg,Out Stock,Unavailable
SKE 20000mah Mini DC Router Power Bank,33300,https://nonsmanonline.com/product/ske-20000mah-mini-dc-router-power-bank/,https://nonsmanonline.com/wp-content/uploads/2025/11/D_NQ_NP_647356-MLV78510365512_082024-O.webp,Out Stock,Unavailable
TP-Link Archer C86 Archer 1900 Wi-Fi Router,49600,https://nonsmanonline.com/product/tp-link-archer-c86-archer-1900-wi-fi-router/,https://nonsmanonline.com/wp-content/uploads/2025/11/ARCHER-C86-A.jpg,Out Stock,Unavailable
Digital Pen Voice Recorder Sk-025 Best Buy,18900,https://nonsmanonline.com/product/digital-pen-voice-recorder-sk-025-best-buy/,https://nonsmanonline.com/wp-content/uploads/2025/11/OS1674-1-b2b1-AtnX.webp,Out Stock,Unavailable
Digital Voice Recorder Sk-002 Best Buy,18300,https://nonsmanonline.com/product/digital-voice-recorder-sk-002-best-buy/,https://nonsmanonline.com/wp-content/uploads/2025/11/Digital-Voice-Recorder-MP3-Player-Support-SD-Card-Max-Usdb-Disk-32GB-for-Reporters-Investgators-sk002-.webp,Out Stock,Unavailable
Digital Voice Recorder Sk-012 Best Buy,15400,https://nonsmanonline.com/product/digital-voice-recorder-sk-012-best-buy/,https://nonsmanonline.com/wp-content/uploads/2025/11/download-24.jpg,Out Stock,Unavailable
Digital Voice Recorder Sk-013 Best Buy,19600,https://nonsmanonline.com/product/digital-voice-recorder-sk-013-best-buy/,https://nonsmanonline.com/wp-content/uploads/2025/11/digital-vioce-recorder_600x600.jpg,Out Stock,Unavailable
Digital Voice Recorder Sk-288 Best Buy,19500,https://nonsmanonline.com/product/digital-voice-recorder-sk-288-best-buy/,https://nonsmanonline.com/wp-content/uploads/2025/11/0f219082-fea7-4e70-ad69-854c656fcfd7.a211a69f19e7d3d8335fe9a22400bb3a.jpeg,Out Stock,Unavailable
Digital Voice Recorder Sk-323 Best Buy,27400,https://nonsmanonline.com/product/digital-voice-recorder-sk-323-best-buy/,https://nonsmanonline.com/wp-content/uploads/2025/11/Haba79f4a1d3f41a69283ec6d7e14602eO.jpg_.webp,Out Stock,Unavailable
Digital Voice Recorder Sk-601 Best Buy,16400,https://nonsmanonline.com/product/digital-voice-recorder-sk-601-best-buy/,https://nonsmanonline.com/wp-content/uploads/2025/11/Haad8d28384ae46a5bdcc57c8e9ebf20dF.png,Out Stock,Unavailable
Dji Osmo Mobile 6 Smartphone Gimbal,8358,https://nonsmanonline.com/product/dji-osmo-mobile-6-smartphone-gimbal/,https://nonsmanonline.com/wp-content/uploads/2025/11/DJI-OSMO-1.jpeg,In Stock,Available
Earldom 6 in 1 Otg Card Reader Et-OT71,8358,https://nonsmanonline.com/product/earldom-6-in-1-otg-card-reader-et-ot71/,https://nonsmanonline.com/wp-content/uploads/2025/11/6-in-11.webp,In Stock,Available
Earldom Eh136 Universal Desktop Phone Holder,8358,https://nonsmanonline.com/product/earldom-eh136-universal-desktop-phone-holder/,https://nonsmanonline.com/wp-content/uploads/2025/11/Hfa54f0befba74e53a9574a36ea185de8p-scaled-1.jpg,In Stock,Available
Earldom Eh138 Desktop Phone Holder,8358,https://nonsmanonline.com/product/earldom-eh138-desktop-phone-holder/,https://nonsmanonline.com/wp-content/uploads/2025/11/EH138-5-min-1.jpeg,In Stock,Available
Earldom Eh86 Desktop Phone Holder Best Buy,8358,https://nonsmanonline.com/product/earldom-eh86-desktop-phone-holder-best-buy/,https://nonsmanonline.com/wp-content/uploads/2025/11/stand.webp,In Stock,Available
Earldom Et-S9 Universal Sport Armband Bag,8358,https://nonsmanonline.com/product/earldom-et-s9-universal-sport-armband-bag/,https://nonsmanonline.com/wp-content/uploads/2025/11/Earldom-ET-S9-Armband-Bag-1.webp,In Stock,Available
Earldom Live Stream Desktop Selfie Ringlight,8358,https://nonsmanonline.com/product/earldom-live-stream-desktop-selfie-ringlight/,https://nonsmanonline.com/wp-content/uploads/2025/11/212939_1678788496.webp,In Stock,Available
F5 3 Axis Foldable Gimbal Selfie Stick,8358,https://nonsmanonline.com/product/f5-3-axis-foldable-gimbal-selfie-stick/,https://nonsmanonline.com/wp-content/uploads/2025/11/f5.webp,In Stock,Available
G2 Ring Light,8358,https://nonsmanonline.com/product/g2-selfie-ring-light-foldable-stand-best-buy/,https://nonsmanonline.com/wp-content/uploads/2025/11/mai_appearance_g2-3.jpg,In Stock,Available
Godox Geniusmic LT Mic,8358,https://nonsmanonline.com/product/godox-geniusmic-lt-mic/,https://nonsmanonline.com/wp-content/uploads/2025/11/1658149431_IMG_1797592__22604.jpg,In Stock,Available
Godox Geniusmic UC Mic,45600,https://nonsmanonline.com/product/godox-geniusmic-uc-mic/,https://nonsmanonline.com/wp-content/uploads/2025/11/godox-type-c.jpeg,Out Stock,Unavailable
H-16 Mouse Pad with Gel Wrist Rest,8358,https://nonsmanonline.com/product/h-16-mouse-pad-with-gel-wrist-rest/,https://nonsmanonline.com/wp-content/uploads/2025/11/3d-ergonomically-anti-skid-mouse-pad-with-gel-wrist-rest-comfort-support-gaming-mousepad-500x500-1.jpg,In Stock,Available
H-17 Mouse Pad With Wrist Support,3100,https://nonsmanonline.com/product/h-17-mouse-pad-with-wrist-support/,https://nonsmanonline.com/wp-content/uploads/2025/11/61i6XV0Zz4S._AC_UL210_SR210210_.jpg,Out Stock,Unavailable
LDNIO A6573c 6 Ports Desktop Charger &#8211; 65w,11400,https://nonsmanonline.com/product/ldnio-a6573c-6-ports-desktop-charger-65w/,https://nonsmanonline.com/wp-content/uploads/2025/11/207948_1678892529.webp,Out Stock,Unavailable
Ldnio Android 1Meter Fast Cable Best Buy,2500,https://nonsmanonline.com/product/ldnio-android-1meter-fast-cable-best-buy/,https://nonsmanonline.com/wp-content/uploads/2025/11/ldnio-ls63-micro-fast-charging-cable.webp,Out Stock,Unavailable
Ldnio Lc132C Usb C 2M Cable Best,8358,https://nonsmanonline.com/product/ldnio-lc132c-usb-c-2m-cable-best/,https://nonsmanonline.com/wp-content/uploads/2025/11/LDNIO1m-2m-65W-Type-C-toType-C-Cable-fast-charging.jpg,In Stock,Available
Ldnio Ls421 1m Type C Elbow Data Cable,3100,https://nonsmanonline.com/product/ldnio-ls421-1m-type-c-elbow-data-cable/,https://nonsmanonline.com/wp-content/uploads/2025/11/download-2024-02-24T142148.895.jpeg,Out Stock,Unavailable
Ldnio Ls561 1m Type C Elbow Data Cable,2500,https://nonsmanonline.com/product/ldnio-ls561-1m-type-c-elbow-data-cable/,https://nonsmanonline.com/wp-content/uploads/2025/11/ldnio-ls561-cable-5.webp,Out Stock,Unavailable
Ldnio Ls603 Type-C 3m 30W Fast Charging Cable,3700,https://nonsmanonline.com/product/ldnio-ls603-type-c-3m-30w-fast-charging-cable/,https://nonsmanonline.com/wp-content/uploads/2025/11/191841_1680195258.webp,Out Stock,Unavailable
Ldnio LS63 Type C 1Meter Fast Cable,2500,https://nonsmanonline.com/product/ldnio-ls63-type-c-1meter-fast-cable/,https://nonsmanonline.com/wp-content/uploads/2025/11/16311074023.jpg,Out Stock,Unavailable
Ldnio Q366 65w 3 Ports Fast Charger,16700,https://nonsmanonline.com/product/ldnio-q366-65w-3-ports-fast-charger/,https://nonsmanonline.com/wp-content/uploads/2025/11/q366.webp,Out Stock,Unavailable
Ldnio Q367 65w 3 Ports 1m Fast Charger,18300,https://nonsmanonline.com/product/ldnio-q367-65w-3-ports-1m-fast-charger/,https://nonsmanonline.com/wp-content/uploads/2025/11/q367.webp,Out Stock,Unavailable
Mac Book 45W Safe1 Power Adapter,17600,https://nonsmanonline.com/product/mac-book-45w-safe1-power-adapter/,https://nonsmanonline.com/wp-content/uploads/2025/11/L-tips-3-45WL.jpg,Out Stock,Unavailable
Mac Book 60W Safe 1,17600,https://nonsmanonline.com/product/mac-book-60w-safe-1/,https://nonsmanonline.com/wp-content/uploads/2025/11/60w-magsafe1_600x438-1.jpg,Out Stock,Unavailable
Mac Book Pro Adapter 61W With Type-C Cable,43500,https://nonsmanonline.com/product/mac-book-pro-adapter-61w-with-type-c-cable/,https://nonsmanonline.com/wp-content/uploads/2025/11/92033_1580739254.webp,Out Stock,Unavailable
Mac Book Pro Adapter 87W,46000,https://nonsmanonline.com/product/mac-book-pro-adapter-87w/,https://nonsmanonline.com/wp-content/uploads/2025/11/51PFcdAfLHL._SY355_.jpg,Out Stock,Unavailable
Macbook Type C 2m Cable Ord.,6100,https://nonsmanonline.com/product/macbook-type-c-2m-cable-ord/,https://nonsmanonline.com/wp-content/uploads/2025/11/MACBOOK-TYPE-C-CABLE-2.webp,Out Stock,Unavailable
Mi USB-C Cable 1m White,3700,https://nonsmanonline.com/product/mi-usb-c-cable-1m-white/,https://nonsmanonline.com/wp-content/uploads/2025/11/xiaomi-mi-usb-c-cable-1m-white-1654162508.jpg,Out Stock,Unavailable
New Age Fc30 Power Bank 30000Mah Best Buy,23400,https://nonsmanonline.com/product/new-age-fc30-power-bank-33000mah-best-buy/,https://nonsmanonline.com/wp-content/uploads/2025/11/WhatsApp-Image-2021-10-12-at-08.41.08.jpeg,Out Stock,Unavailable
Onten Otn-253 2-in-1 Usb-C Audio Adapter with QC Charging,11100,https://nonsmanonline.com/product/onten-otn-253-2-in-1-usb-c-audio-adapter-with-qc-charging/,https://nonsmanonline.com/wp-content/uploads/2025/11/1-2024-03-19T144309.632.jpg,Out Stock,Unavailable
PD 100W 18.5-20V Square Tip to Usb-C Cable for Lenovo,5200,https://nonsmanonline.com/product/pd-100w-18-5-20v-square-tip-to-usb-c-cable-for-lenovo/,https://nonsmanonline.com/wp-content/uploads/2025/11/PC5189.jpg,Out Stock,Unavailable
PD 100W Usb-C 18.5-20V to 7.9&#215;0.9 Universal Laptop Cable Big Pin,5200,https://nonsmanonline.com/product/pd-100w-usb-c-18-5-20v-to-7-9x0-9-universal-laptop-cable-big-pin/,https://nonsmanonline.com/wp-content/uploads/2025/11/pd-100w.jpg,Out Stock,Unavailable
Remax Rc-C029 3-in-1 66w Cable,6500,https://nonsmanonline.com/product/remax-rc-c029-3-in-1-66w-cable/,https://nonsmanonline.com/wp-content/uploads/2025/11/f395316c3027697d2ab3722c813add82.jpg_960x960q80.jpg_.webp,Out Stock,Unavailable
Ldnio Ls592 Usb-C Fast Charging Data Cable 2M,2900,https://nonsmanonline.com/product/ldnio-ls592-usb-c-fast-charging-data-cable-2m/,https://nonsmanonline.com/wp-content/uploads/2025/11/D_NQ_NP_651057-MEC48853148773_012022-O.webp,Out Stock,Unavailable
Ldnio Ls603 iphone 3m 30W Fast Charging Cable,3500,https://nonsmanonline.com/product/ldnio-ls603-iphone-3m-30w-fast-charging-cable/,https://nonsmanonline.com/wp-content/uploads/2025/11/ls63.jpg,Out Stock,Unavailable
Ldnio Ls63 1 Meter Fast Charging IPhone USB Cable,2500,https://nonsmanonline.com/product/ldnio-ls63-1-meter-fast-charging-iphone-usb-cable/,https://nonsmanonline.com/wp-content/uploads/2025/11/16311074023-1.jpg,Out Stock,Unavailable
Ldnio Ls64 Android 2Meters Fast Cable,2900,https://nonsmanonline.com/product/ldnio-android-2meter-fast-cable/,https://nonsmanonline.com/wp-content/uploads/2025/11/LDNIO-USB-TO-TYPE-C-CABLE-1.5M.jpg,Out Stock,Unavailable
Ldnio Ls64 Iphone 2m Fast Cable,3000,https://nonsmanonline.com/product/ldnio-ls64-iphone-2m-fast-cable/,https://nonsmanonline.com/wp-content/uploads/2025/11/iphone.jpg,Out Stock,Unavailable
LDNIO Mw21 Car Mount &#8211; 15w,7000,https://nonsmanonline.com/product/lldnio-mw21-car-mount-15w/,https://nonsmanonline.com/wp-content/uploads/2025/11/3-2023-11-11T130506.126.jpg,Out Stock,Unavailable
Ldnio SC1418 Extension Cord 65W Desktop Power Strip,19100,https://nonsmanonline.com/product/ldnio-sc1418-extension-cord-65w-desktop-power-strip/,https://nonsmanonline.com/wp-content/uploads/2025/11/1-4.jpg,Out Stock,Unavailable
Ldnio Sc2413 2 Universal Outlet Power Sockets,12900,https://nonsmanonline.com/product/ldnio-sc2413-2-universal-outlet-power-sockets/,https://nonsmanonline.com/wp-content/uploads/2025/11/Ldnio-Sc2413-b.jpg,Out Stock,Unavailable
Ldnio SC3604 6 Usb/3 Sockets,12300,https://nonsmanonline.com/product/ldnio-6-port-usb-3-power-socket-best-buy/,https://nonsmanonline.com/wp-content/uploads/2025/11/LDNIO-6-USB-3-SOCKETS-EXTENTION.jpg,Out Stock,Unavailable
Ldnio Sc4407 4Usb/4Socket Extension Short,15800,https://nonsmanonline.com/product/ldnio-4-power-socket-4-usb-extension-best-buy/,https://nonsmanonline.com/wp-content/uploads/2025/11/194893_1643294131.webp,Out Stock,Unavailable
Ldnio Sc5415 5 sockets/3Usb + Pd Power Socket,15500,https://nonsmanonline.com/product/ldnio-sc5415-5-sockets-3usb-pd-power-socket/,https://nonsmanonline.com/wp-content/uploads/2025/11/p16_b1365580-c993-429d-a49a-9323402795ec.jpg,Out Stock,Unavailable
Ldnio Sc5614 5sockets/6Usb Power Socket,12800,https://nonsmanonline.com/product/ldnio-sc5614-5sockets-6usb-power-socket/,https://nonsmanonline.com/wp-content/uploads/2025/11/148754_1687901523.webp,Out Stock,Unavailable
Ldnio Scw3451-Uk Wifi Smart Power 3Usb/3Sockets,23000,https://nonsmanonline.com/product/ldnio-scw3451-uk-wifi-smart-power-3usb-3sockets/,https://nonsmanonline.com/wp-content/uploads/2025/11/62fb5bf761ed3.webp,Out Stock,Unavailable
Ldnio Scw5354 Cord Organizer Strip Box,16000,https://nonsmanonline.com/product/ldnio-scw5354-cord-organizer-strip-box/,https://nonsmanonline.com/wp-content/uploads/2025/11/43d5d2ef8f3caad373595ec163775a13.jpg_1200x1200q80.jpg_.webp,Out Stock,Unavailable
LDNIO Type-C Cable LC111 to Lightning,3100,https://nonsmanonline.com/product/ldnio-type-c-cable-lc111-to-lightning/,https://nonsmanonline.com/wp-content/uploads/2025/11/LDNIO-LC111-Type-C-TO-Lightning-Cable-in-BD.webp,Out Stock,Unavailable
Mac Book Pro Adapter 30W,40000,https://nonsmanonline.com/product/mac-book-pro-adapter-30w/,https://nonsmanonline.com/wp-content/uploads/2025/11/51SIE-tZXL._AC_SX355_.jpg,Out Stock,Unavailable
Sandisk Ssd 480Gb External 520Mb/S Best Buy,113900,https://nonsmanonline.com/product/sandisk-ssd-480gb-external-520mb-s-best-buy/,https://nonsmanonline.com/wp-content/uploads/2025/11/480gb.jpg,Out Stock,Unavailable
Seagate 500GB Laptop Internal HDD Best Buy,24700,https://nonsmanonline.com/product/seagate-500gb-laptop-internal-hdd-best-buy/,https://nonsmanonline.com/wp-content/uploads/2025/11/laptophard-disk.jpg,Out Stock,Unavailable
Seagate Backup Plus Slim 500gb Ext. Hard Drive,20100,https://nonsmanonline.com/product/seagate-500gb-external-back-up-plus-hard-drive/,https://nonsmanonline.com/wp-content/uploads/2025/11/SEAGATE-BACKUP-PLUS-EXTERNAL-HARD-DRIVE-500GB.jpg,Out Stock,Unavailable
Seagate Backup Slim/Expansion 1Tb Ext. Hard Drive,39900,https://nonsmanonline.com/product/seagate-backup-slim-expansion-1tb/,https://nonsmanonline.com/wp-content/uploads/2025/11/1tb-seagate-backup-plus-slim-external-hard-disk-500x500-2.webp,Out Stock,Unavailable
Seagate Desktop Expansion 14Tb Ext. Hdd,583300,https://nonsmanonline.com/product/seagate-desktop-expansion-14tb-ext-hdd/,https://nonsmanonline.com/wp-content/uploads/2025/11/15469300_2-1.jpg,Out Stock,Unavailable
Seagate Desktop Expansion 16Tb Ext. Hdd,557900,https://nonsmanonline.com/product/seagate-desktop-expansion-16tb-ext-hdd/,https://nonsmanonline.com/wp-content/uploads/2025/11/15469300_2-2.jpg,Out Stock,Unavailable
Seagate Desktop Expansion 8Tb Ext. Hdd,296200,https://nonsmanonline.com/product/seagate-desktop-expansion-8tb-ext-hdd/,https://nonsmanonline.com/wp-content/uploads/2025/11/HDDSEA0508__3-1.webp,Out Stock,Unavailable
Seagate Expansion 10TB External Hard Drive HDD &#8211; USB 3.0,380400,https://nonsmanonline.com/product/seagate-expansion-10tb-external-hard-drive-hdd-usb-3-0/,https://nonsmanonline.com/wp-content/uploads/2025/11/HDDSEA0508__3.webp,Out Stock,Unavailable
Seagate Expansion 12Tb External Hard Disk,474600,https://nonsmanonline.com/product/seagate-expansion-12tb-external-hard-disk/,https://nonsmanonline.com/wp-content/uploads/2025/11/HDDSEA0508__3-2.webp,Out Stock,Unavailable
Seagate Expansion 18Tb External Hard Disk,723400,https://nonsmanonline.com/product/seagate-expansion-18tb-external-hard-disk/,https://nonsmanonline.com/wp-content/uploads/2025/11/22-184-976-01.jpg,Out Stock,Unavailable
Seagate Expansion 2Tb External Hard Disk,131700,https://nonsmanonline.com/product/seagate-expansion-2tb-external-hard-disk/,https://nonsmanonline.com/wp-content/uploads/2025/11/d0ec92bab210bf9168d60caf90e9cd5536f6c7f3.webp,Out Stock,Unavailable
Seagate Expansion 4Tb External Hard Disk,205300,https://nonsmanonline.com/product/seagate-expansion-4tb-external-hard-disk/,https://nonsmanonline.com/wp-content/uploads/2025/11/61HdEp4B4fL._SY450_.jpg,Out Stock,Unavailable
Seagate Expansion Portable 1Tb External Hard Drive,102700,https://nonsmanonline.com/product/seagate-expansion-portable-1tb-external-hard-drive/,https://nonsmanonline.com/wp-content/uploads/2025/11/SEAGATE-1TB-EXP.jpg,Out Stock,Unavailable
Seagate One Touch 12Tb External Hdd Best Buy,504700,https://nonsmanonline.com/product/seagate-one-touch-12tb-external-hdd-best-buy/,https://nonsmanonline.com/wp-content/uploads/2025/11/587599-Product-6-I-637840660977290130_800x800.webp,Out Stock,Unavailable
Seagate One Touch 18Tb External Hard Disk,726900,https://nonsmanonline.com/product/seagate18tb-external-hard-disk/,https://nonsmanonline.com/wp-content/uploads/2025/11/6dc15619-bce3-4dc5-9b15-53ef48b1eb20.5cb06ac1711a7cc07a4ac934ba51f43e.webp,Out Stock,Unavailable
Seagate One Touch 1Tb External Hdd,111100,https://nonsmanonline.com/product/seagate-one-touch-1tb-external-hdd/,https://nonsmanonline.com/wp-content/uploads/2025/11/seagate-one-touch-ssd-black-hero-left_l-removebg-preview.png,Out Stock,Unavailable
Seagate One Touch 2Tb External Hdd,144900,https://nonsmanonline.com/product/seagate-one-touch-2tb-external-hdd/,https://nonsmanonline.com/wp-content/uploads/2025/11/l_10216586_002-1.jpg,Out Stock,Unavailable
Seagate One Touch 4Tb External Hdd,219800,https://nonsmanonline.com/product/seagate-one-touch-4tb-external-hdd/,https://nonsmanonline.com/wp-content/uploads/2025/11/seagate-one-touch-4tb-external-hard-drive-28142340800601_600x.webp,Out Stock,Unavailable
Seagate One Touch 5Tb External Hdd Best Buy,227000,https://nonsmanonline.com/product/seagate-one-touch-5tb-external-hdd/,https://nonsmanonline.com/wp-content/uploads/2025/11/196037_1646379816.webp,Out Stock,Unavailable
Seagate One Touch Hub 10TB External Hard Drive HDD,408100,https://nonsmanonline.com/product/seagate-one-touch-hub-10tb-external-hard-drive-hdd/,https://nonsmanonline.com/wp-content/uploads/2025/11/58628_1664554082.webp,Out Stock,Unavailable
Digirich V-Cut Usb 2.0 Flash Drive 8gb White Best Buy,8358,https://nonsmanonline.com/product/digirich-v-cut-8gb-usb-2-0-flash-drive-best-buy/,https://nonsmanonline.com/wp-content/uploads/2025/11/digirich-8gb-flash-drive-com.jpg,In Stock,Available
Ezashy Turbo Dual Type C Otg 64gb 150mb/s,8800,https://nonsmanonline.com/product/ezashy-turbo-dual-type-c-otg-64gb-150mb-s/,https://nonsmanonline.com/wp-content/uploads/2025/11/64gb.webp,Out Stock,Unavailable
Ezashy Turbo Dual Type-C Otg 128gb 150mb/s,14200,https://nonsmanonline.com/product/ezashy-turbo-dual-type-c-otg-128gb-150mb-s/,https://nonsmanonline.com/wp-content/uploads/2025/11/128gb-1.webp,Out Stock,Unavailable
Ezashy Turbo Dual Type-C Otg 16gb 150mb/s,7300,https://nonsmanonline.com/product/ezashy-turbo-dual-type-c-otg-16gb-150mb-s/,https://nonsmanonline.com/wp-content/uploads/2025/11/166gb.webp,Out Stock,Unavailable
Ezashy Turbo Dual Type-C Otg 32gb 150mb/s,8200,https://nonsmanonline.com/product/ezashy-turbo-dual-type-c-otg-32gb-150mb-s/,https://nonsmanonline.com/wp-content/uploads/2025/11/32gb.webp,Out Stock,Unavailable
Hiksemi M200s 64Gb 2.0 Usb Flash Drive,7100,https://nonsmanonline.com/product/hiksemi-m200s-64gb-2-0-usb-flash-drive/,https://nonsmanonline.com/wp-content/uploads/2025/11/hikvision-cle-usb-m200s-64gb.jpg,Out Stock,Unavailable
Iconix SE-9 Usb 3.0 Flash Drive 32gb,8358,https://nonsmanonline.com/product/iconix-se-9-usb-3-0-flash-drive-32gb/,https://nonsmanonline.com/wp-content/uploads/2025/11/207948_1694623758.webp,In Stock,Available
Multi function 4 in 1 32gb Usb Flash Drive High Speed,8500,https://nonsmanonline.com/product/4-in-1-32gb-usb-flash-drive/,https://nonsmanonline.com/wp-content/uploads/2025/11/207415_1663165015.webp,Out Stock,Unavailable
Multi function 4 in 1 64gb Usb Flash Drive High Speed,8358,https://nonsmanonline.com/product/multi-function-4-in-1-64gb-usb-flash-drive-high-speed/,https://nonsmanonline.com/wp-content/uploads/2025/11/1-13.jpg,In Stock,Available
Multifunction 4 in 1 128gb Usb Flash Drive High Speed,14000,https://nonsmanonline.com/product/multi-function-4-in-1-128gb/,https://nonsmanonline.com/wp-content/uploads/2025/11/746894191_max.jpg,Out Stock,Unavailable
SanDisk 16GB Ultra Fit USB Flash,8358,https://nonsmanonline.com/product/sandisk-16gb-ultra-fit-usb-flash/,https://nonsmanonline.com/wp-content/uploads/2025/11/SANDISK-ULTRA-FIT-FLASH-DRIVE-16GB-3.1.jpg,In Stock,Available
SanDisk 256GB Ultra Type-c OTG Flash Drive,8358,https://nonsmanonline.com/product/sandisk-256gb-ultra-type-c-otg-flash-drive/,https://nonsmanonline.com/wp-content/uploads/2025/11/103607_1634491212.webp,In Stock,Available
Sandisk 32Gb Ultra Fit Usb Flash Best Buy,6900,https://nonsmanonline.com/product/sandisk-32gb-ultra-fit-usb-flash-best-buy/,https://nonsmanonline.com/wp-content/uploads/2025/11/SANDISK-ULTRA-FIT-FLASH-32GB-3.0.jpg,Out Stock,Unavailable
Sandisk Cruzer Blade Usb 2.0 Flash Drive 128gb,12200,https://nonsmanonline.com/product/sandisk-cruzer-blade-usb-2-0-flash-drive-128gb/,https://nonsmanonline.com/wp-content/uploads/2025/11/SANDISK-CRUZER-BLADE-128GB-FLASH-DRIVE.jpg,Out Stock,Unavailable
Sandisk Cruzer Blade Usb 2.0 Flash Drive 16gb,5400,https://nonsmanonline.com/product/sandisk-cruzer-blade-usb-2-0-flash-drive-16gb/,https://nonsmanonline.com/wp-content/uploads/2025/11/SANDISK-CRUZER-BLADE-16GB-FLASH.jpg,Out Stock,Unavailable
Sandisk Cruzer Blade Usb 2.0 Flash Drive 32gb,5900,https://nonsmanonline.com/product/sandisk-cruzer-blade-usb-2-0-flash-drive-32gb/,https://nonsmanonline.com/wp-content/uploads/2025/11/SANDISK-CRUZER-BLADE-FLASH-32GB1.jpg,Out Stock,Unavailable
Sandisk Cruzer Blade Usb 2.0 Flash Drive 64gb,6900,https://nonsmanonline.com/product/sandisk-cruzer-blade-usb-2-0-flash-drive-64gb/,https://nonsmanonline.com/wp-content/uploads/2025/11/SANDISK-CRUZER-BLADE-FLASH-64GB.jpg,Out Stock,Unavailable
Sandisk Cruzer Blade Usb 2.0 Flash Drive 8gb,4648,https://nonsmanonline.com/product/sandisk-flash-cruzer-blade-8gb-usb-best-buy/,https://nonsmanonline.com/wp-content/uploads/2025/11/SANDISK-CRUZER-BLADE-8GB-FLASH.jpg,Out Stock,Unavailable
Sandisk Cruzer Glide Usb 3.0 Flash Drive 256gb,23500,https://nonsmanonline.com/product/sandisk-cruzer-glide-usb-3-0-flash-drive-256gb/,https://nonsmanonline.com/wp-content/uploads/2025/11/SANDISK-CRUZER-GLIDE-3.0-FLASH-DRIVE-256GB.jpg,Out Stock,Unavailable
Sandisk Cruzer Glide Usb 3.0 Flash Drive 32gb,6612,https://nonsmanonline.com/product/sanddisk-flash-glide-32gb/,https://nonsmanonline.com/wp-content/uploads/2025/11/SANDISK-CRUZER-GLIDE-FLASH-32GB-3.0.jpg,Out Stock,Unavailable
Sandisk Sd Extreme Pro Sdhc 128gb 200mb/s,30800,https://nonsmanonline.com/product/sandisk-sd-extreme-pro-sdhc-128gb-200mb-s/,https://nonsmanonline.com/wp-content/uploads/2025/11/s-l1600-1.jpg,Out Stock,Unavailable
Sandisk Sd Extreme Pro Sdhc 512gb 200mb/s,106400,https://nonsmanonline.com/product/sandisk-sd-extreme-pro-sdhc-512gb-200mb-s/,https://nonsmanonline.com/wp-content/uploads/2025/11/s-l1200-1-2.jpg,Out Stock,Unavailable
Sandisk Ultra 16Gb Microsd Class 10,5577,https://nonsmanonline.com/product/sandisk-ultra-16gb-microsd-class-10/,https://nonsmanonline.com/wp-content/uploads/2025/11/SANDISK-MICRO-SD-16GBC-10.jpg,Out Stock,Unavailable
Sandisk Ultra Micro Sd 128Gb 100mb/s Class 10,15600,https://nonsmanonline.com/product/sandisk-128gb-micro-sd-with-adapter/,https://nonsmanonline.com/wp-content/uploads/2025/11/492x492-1121.png,Out Stock,Unavailable
Sandisk Ultra Micro Sd 256gb 100/150mb/s Class 10,43000,https://nonsmanonline.com/product/sandisk-ultra-micro-sd-256gb-100-150mb-s-class-10/,https://nonsmanonline.com/wp-content/uploads/2025/11/SANDISK-MICRO-SD-256GB.jpg,Out Stock,Unavailable
Sandisk Ultra Micro Sd 512gb 100ms/120mp/s,55800,https://nonsmanonline.com/product/sandisk-ultra-micro-sd-512gb-100ms-120mp-s/,https://nonsmanonline.com/wp-content/uploads/2025/11/SANDISK-MICRO-SD-512-GB.jpg,Out Stock,Unavailable
Sandisk Ultra Micro Sd Card 1Tb 120mb/s Class 10,120300,https://nonsmanonline.com/product/sandisk-ultra-micro-sd-card-1tb-120mb-s-class-10/,https://nonsmanonline.com/wp-content/uploads/2025/11/download-32.jpg,Out Stock,Unavailable
Sandisk Ultra Micro Sd Card 32gb 100mb/s Class 10,6727,https://nonsmanonline.com/product/sandisk-ultra-micro-sd-card-32gb-100mb-s-class-10/,https://nonsmanonline.com/wp-content/uploads/2025/11/SANDISK-ULTRA-MICRO-SD-32GBC-10.jpg,Out Stock,Unavailable
Sandisk Ultra Micro Sd Card 64gb 100mb/s Class 10,8700,https://nonsmanonline.com/product/sandisk-ultra-micro-sd-card-64gb-100mb-s-class-10/,https://nonsmanonline.com/wp-content/uploads/2025/11/SANDISK-MICRO-SD-64GB.jpg,Out Stock,Unavailable
Sandisk Ultra Sdhc Card 128gb 120mb/s/140mb/s,18700,https://nonsmanonline.com/product/sandisk-ultra-sdhc-card-128gb-120mb-s-140mb-s/,https://nonsmanonline.com/wp-content/uploads/2025/11/103607_1648128120-1.webp,Out Stock,Unavailable
SanDisk Ultra Sdhc Card 16gb 80mb/s,6600,https://nonsmanonline.com/product/sandisk-ultra-sdhc-card-16gb-80mb-s/,https://nonsmanonline.com/wp-content/uploads/2025/11/SANDISK-ULTRA-SD-MEMORY-CARD-16GB1.jpg,Out Stock,Unavailable
SanDisk Ultra Sdhc Card 256gb 120mb/s,42600,https://nonsmanonline.com/product/sandisk-ultra-sdhc-card-256gb-120mb-s/,https://nonsmanonline.com/wp-content/uploads/2025/11/sandisk-karta-pamieci-ultra-sdxc-256-gb-120-mb-s-uhs-i-class-10.jpg,Out Stock,Unavailable
SanDisk Ultra Sdhc Card 32gb 120mb/s,7700,https://nonsmanonline.com/product/sandisk-ultra-sdhc-card-32gb-120mb-s/,https://nonsmanonline.com/wp-content/uploads/2025/11/227899_1706533320.webp,Out Stock,Unavailable
Sandisk Ultra Sdhc Card 64gb 100mb/s Class 10,9200,https://nonsmanonline.com/product/sandisk-ultra-sdhc-card-64gb-100mb-s-class-10/,https://nonsmanonline.com/wp-content/uploads/2025/11/SANDISK-ULTRA-SD-MEMORY-CARD-64GB.jpg,Out Stock,Unavailable
Sandisk Ultra Sdhc Card 64gb 120/140mb/s Class 10,10000,https://nonsmanonline.com/product/sandisk-ultra-sdhc-card-64gb-120-140mb-s-class-10/,https://nonsmanonline.com/wp-content/uploads/2025/11/492x492-4.png,Out Stock,Unavailable
Aoking SN97095 Backpack,30300,https://nonsmanonline.com/product/aoking-sn97095-backpack/,https://nonsmanonline.com/wp-content/uploads/2025/11/Aoking-SN97095-Backpack-a.jpg,Out Stock,Unavailable
Apollo Type-C 2 In 1 Hub,8358,https://nonsmanonline.com/product/apollo-type-c-2-in-1-hub/,https://nonsmanonline.com/wp-content/uploads/2025/11/DSC_2639.jpg,In Stock,Available
Apple Mac Ssd Enclosure Ac-Mac3E,8358,https://nonsmanonline.com/product/apple-mac-ssd-enclosure-ac-mac3e/,https://nonsmanonline.com/wp-content/uploads/2025/11/ACASIS-USB-C-3-2-SSD-Enclosure-Suit-M-2-Nvme-SSD-12-16-PIN-for.webp,In Stock,Available
Apple Magic Keyboard 2 with Numeric Keypad-A1644,124500,https://nonsmanonline.com/product/apple-magic-keyboard-2-with-numeric-keypad-a1644/,https://nonsmanonline.com/wp-content/uploads/2025/11/Keyboard-Cover-for-iMac-A1314-A1644-A1843-A1243-Wireless-Bluetooth-Magic-Numeric-Silicone-EU-US-UK.webp,Out Stock,Unavailable
Apple Magic Keyboard with Numeric Keypad-A1644,142000,https://nonsmanonline.com/product/apple-magic-keyboard-with-numeric-keypad-a1644/,https://nonsmanonline.com/wp-content/uploads/2025/11/Apple-Magic-A1644-b.webp,Out Stock,Unavailable
"Apple Magic Mouse 2 Wireless, Rechargeable",85000,https://nonsmanonline.com/product/apple-magic-mouse-2-wireless/,https://nonsmanonline.com/wp-content/uploads/2025/11/magic-mouse-sil.webp,Out Stock,Unavailable
Bamboo Wood Usb Flash Drive 16gb,4600,https://nonsmanonline.com/product/bamboo-wood-usb-flash-drive-16gb/,https://nonsmanonline.com/wp-content/uploads/2025/11/2-wooden-pendrive.jpeg,Out Stock,Unavailable
Bamboo Wood Usb Flash Drive 4gb,4100,https://nonsmanonline.com/product/bamboo-wood-usb-flash-drive-4gb/,https://nonsmanonline.com/wp-content/uploads/2025/11/BAMBOO-4GB.jpg,Out Stock,Unavailable
Bamboo Wood Usb Flash Drive 8gb,4500,https://nonsmanonline.com/product/bamboo-wood-usb-flash-drive-8gb/,https://nonsmanonline.com/wp-content/uploads/2025/11/8gb-1.webp,Out Stock,Unavailable
Banda MC60 Rechargeable Silence Mouse,4000,https://nonsmanonline.com/product/banda-mc60-rechargeable-silence-mouse/,https://nonsmanonline.com/wp-content/uploads/2025/11/Wireless-Silent-Mouse-Portable-Optical-2-4GHz-USB-Mouse-Mini-Laptop-Notebook-Office-3D-PC-Laptop-Computer-Wireless-Mouse.jpg,Out Stock,Unavailable
BOW HB199 Foldable Mini Bluetooth Keyboard,8358,https://nonsmanonline.com/product/bow-hb199-foldable-mini-bluetooth-keyboard/,https://nonsmanonline.com/wp-content/uploads/2025/11/Folding-Aluminium-Universal-Bluetooth-Keyboard-1.jpg,In Stock,Available
Computer Lock,3200,https://nonsmanonline.com/product/computer-lock/,https://nonsmanonline.com/wp-content/uploads/2025/11/a64a1ee420e8e7d4425cb050ca5ac8fd924e3c4a.webp,Out Stock,Unavailable
CoolBell CB-5508S 18.4 Waterproof Laptop Backpack,36600,https://nonsmanonline.com/product/coolbell-cb-5508s-waterproof-laptop-backpack/,https://nonsmanonline.com/wp-content/uploads/2025/11/cb-5508s-1.jpg.webp,Out Stock,Unavailable
Coteci 14028 Space Series Style Backpack,40000,https://nonsmanonline.com/product/coteci-14028-space-series-style-backpack/,https://nonsmanonline.com/wp-content/uploads/2025/11/14028.webp,Out Stock,Unavailable
Coteci 14033 Luxury Series Business Bag 16.6&#8243;,45000,https://nonsmanonline.com/product/coteci-14033-luxury-series-business-bag-16-6/,https://nonsmanonline.com/wp-content/uploads/2025/11/download-2024-02-08T145911.703.jpeg,Out Stock,Unavailable
Coteci 14037 Luxury Series Business Backpack,75000,https://nonsmanonline.com/product/coteci-14037-luxury-series-business-backpack/,https://nonsmanonline.com/wp-content/uploads/2025/11/8dacf0de-8226-4795-a98b-dd6f6531c31b.webp,Out Stock,Unavailable
Coteci 84002-TS Universal Mouse,13700,https://nonsmanonline.com/product/coteci-84002-ts-universal-mouse/,https://nonsmanonline.com/wp-content/uploads/2025/11/front.png,Out Stock,Unavailable
Coteeci 1439 Elegant Series Two-Colour Backpack,8358,https://nonsmanonline.com/product/coteeci-1439-elegant-series-two-colour-backpack/,https://nonsmanonline.com/wp-content/uploads/2025/11/backpack-1.webp,In Stock,Available
Crucial BX500 2tb Internal SSD Sata,28800,https://nonsmanonline.com/product/crucial-bx500-2tb-internal-ssd-sata-2/,https://nonsmanonline.com/wp-content/uploads/2025/11/images-2024-04-19T131003.493.jpeg,Out Stock,Unavailable
Crucial MX500 1tb Internal SSD SATA,70000,https://nonsmanonline.com/product/crucial-mx500-1tb-internal-ssd-sata/,https://nonsmanonline.com/wp-content/uploads/2025/11/ssd-crucialmx500-1tb-11_1000x.webp,Out Stock,Unavailable
Tp Link LS1008 8 Ports 10/100mbps Desktop Switch,8700,https://nonsmanonline.com/product/tp-link-ls1008-8-ports-10-100mbps-desktop-switch/,https://nonsmanonline.com/wp-content/uploads/2025/11/images-2025-12-13T165419.592.jpg,Out Stock,Unavailable
D8 Selfie RingLight Led,10000,https://nonsmanonline.com/product/d8-selfie-ringlight-led/,https://nonsmanonline.com/wp-content/uploads/2025/11/G2-Retractable-Live-Broadcast-Stand-in-Qatar-600x600-1.jpg,Out Stock,Unavailable
Flame Aromatherapy Machine JS115,23400,https://nonsmanonline.com/product/flame-aromatherapy-machine-js115/,https://nonsmanonline.com/wp-content/uploads/woocommerce-placeholder.webp,Out Stock,Unavailable
Ldnio Q3 45W Usb-C to Usb-C Fast Charger,7500,https://nonsmanonline.com/product/ldnio-q3-45w-usb-c-to-usb-c-fast-charger/,https://nonsmanonline.com/wp-content/uploads/2025/11/images-2025-12-09T152541.802.jpg,Out Stock,Unavailable
LDNIO SC4383 2500w Tower Extension Socket,20600,https://nonsmanonline.com/product/ldnio-sc4383-2500w-tower-extension-socket/,https://nonsmanonline.com/wp-content/uploads/2025/11/images-2025-12-09T140145.470.jpg,Out Stock,Unavailable
Ldnio Q2 33W Usb-A to Usb-C Fast Charger,6300,https://nonsmanonline.com/product/ldnio-q2-33w-usb-a-to-usb-c-fast-charger/,https://nonsmanonline.com/wp-content/uploads/2025/11/1-79.jpg,Out Stock,Unavailable
Ldnio Q2 33W Usb-C to Usb-C Fast Charger,6300,https://nonsmanonline.com/product/ldnio-q2-33w-usb-c-to-usb-c-fast-charger/,https://nonsmanonline.com/wp-content/uploads/woocommerce-placeholder.webp,Out Stock,Unavailable
Sandisk Sd Extreme Pro 64Gb 300Mbps,122900,https://nonsmanonline.com/product/sandisk-sd-extreme-pro-64gb-300mbps/,https://nonsmanonline.com/wp-content/uploads/2025/11/extremepro-sd-300mb-front-64gb-hr-500x500-1.webp,Out Stock,Unavailable
FS09 Phone Cooler,6000,https://nonsmanonline.com/product/fs09-phone-cooler/,https://nonsmanonline.com/wp-content/uploads/2025/12/61TCFW3Y7PL-1024x1024.jpg,Out Stock,Unavailable
Ldnio Q2319 30W Universal Charger,10300,https://nonsmanonline.com/product/ldnio-q2319-30w-universal-charger/,https://nonsmanonline.com/wp-content/uploads/woocommerce-placeholder.webp,Out Stock,Unavailable
COTEetCi 84002-TS Universal Mouse,8358,https://nonsmanonline.com/product/coteetci-84002-ts-universal-mouse/,https://nonsmanonline.com/wp-content/uploads/2025/11/front.png,In Stock,Available
Dell 130W AC 19.5V6.67A Laptop Charger,8358,https://nonsmanonline.com/product/dell-130w-ac-19-5v6-67a-laptop-charger/,https://nonsmanonline.com/wp-content/uploads/2025/11/WhatsApp-Image-2023-10-05-at-9.10.32-PM.jpeg,In Stock,Available
Dell 19.5V 4.62A Laptop Charger Big Pin,8358,https://nonsmanonline.com/product/dell-19-5v-laptop-charger-big-pin/,https://nonsmanonline.com/wp-content/uploads/2025/11/5476bcc524e3d15c4e9dc7a77a771ad8.jpg,In Stock,Available
Dell 19.5V Laptop Charger Small Pin,8358,https://nonsmanonline.com/product/dell-19-5v-laptop-charger-small-pin/,https://nonsmanonline.com/wp-content/uploads/2025/11/dell_19.5v3.34a_4.5_3.0mm_black_pin_high_quality_laptop_charger.jpg,In Stock,Available
Dell KM3322W Wireless Keyboard &#038; Mouse,8358,https://nonsmanonline.com/product/dell-km3322w-wireless-keyboard-mouse/,https://nonsmanonline.com/wp-content/uploads/2025/11/download-2024-03-09T173955.971.jpeg,In Stock,Available
Desktop Power Cable With Fuse,8358,https://nonsmanonline.com/product/desktop-power-cable-with-fuse/,https://nonsmanonline.com/wp-content/uploads/2022/05/k2-15-meter-black-power-11628774319-1024x1024.webp,In Stock,Available
Double Wired Pad Black Pc,8358,https://nonsmanonline.com/product/dual-wired-game-pad-controller-set-for-pc/,https://nonsmanonline.com/wp-content/uploads/2025/11/double-wireless-pad-3_600x600-1.jpg,In Stock,Available
Double Wireless Pad Pc,8358,https://nonsmanonline.com/product/double-wireless-pad-pc/,https://nonsmanonline.com/wp-content/uploads/2025/11/Wireless-Double-PC-Pad.jpg,In Stock,Available
E-Table Laptop With Cooling Pad Ld09,8358,https://nonsmanonline.com/product/e-table-laptop-with-cooling-pad-ld09/,https://nonsmanonline.com/wp-content/uploads/2022/07/1000025308012.webp,In Stock,Available
Earldom Aux10 Aux Cable 2m,8358,https://nonsmanonline.com/product/earldom-aux10-aux-cable-2m/,https://nonsmanonline.com/wp-content/uploads/2025/11/Earldom-AUX-15-Aux-Cable-Female-To-Female-Audio-Cable-With-3-5MM-24K-Gold-Plated.jpg_Q90.jpg_.webp,In Stock,Available
Earldom PJ01 Projector,8358,https://nonsmanonline.com/product/earldom-pj01-projector/,https://nonsmanonline.com/wp-content/uploads/2025/11/Earldom-PJ01-Projector.png,In Stock,Available
Earldom PJ03 Projector,8358,https://nonsmanonline.com/product/earldom-pj03-projector/,https://nonsmanonline.com/wp-content/uploads/2025/12/2026-01-04-695a241952e61.webp,In Stock,Available
Earldom PJ04 Projector,8358,https://nonsmanonline.com/product/earldom-pj04-projector/,https://nonsmanonline.com/wp-content/uploads/2026/02/images-58.jpg,In Stock,Available
Flexible Wired Keyboard,8358,https://nonsmanonline.com/product/flexible-wired-keyboard/,https://nonsmanonline.com/wp-content/uploads/2025/11/1-7-1.jpg,In Stock,Available
Forall SWH058W Computer Wired Headset,8358,https://nonsmanonline.com/product/forall-swh058w-computer-wired-headset/,https://nonsmanonline.com/wp-content/uploads/2025/11/images-77.jpeg,In Stock,Available
Fuse Adapter/Converter,8358,https://nonsmanonline.com/product/fuse-adapter-converter/,https://nonsmanonline.com/wp-content/uploads/2024/02/20260302_124644-scaled-e1772456904303-768x1024.jpg,In Stock,Available
GJ K98 Oijige Wired Gaming Keyboard,8358,https://nonsmanonline.com/product/gj-k98-oijige-wired-gaming-keyboard/,https://nonsmanonline.com/wp-content/uploads/2025/12/GLO-KB-GMMK3-65-PB-W-BLK-US_Web_Gallery_Top-1.webp,In Stock,Available
Gkm520 Long Wireless Keyboard &amp; Mouse,8358,https://nonsmanonline.com/product/gkm520-long-wireless-keyboard-mouse/,https://nonsmanonline.com/wp-content/uploads/2025/11/images-95.jpeg,In Stock,Available
Jbl Bar 500 590W 5.1 Channel Sound Bar,8358,https://nonsmanonline.com/product/jbl-bar-500-590w-5-1-channel-sound-bar/,https://nonsmanonline.com/wp-content/uploads/2025/11/1-2024-02-09T150643.176.jpg,In Stock,Available
JBL Bar 800 5.1 Channel Soundbar,8358,https://nonsmanonline.com/product/jbl-bar-800-5-1-channel-soundbar/,https://nonsmanonline.com/wp-content/uploads/2025/11/jbl_bar_800.jpg,In Stock,Available
Jbl Boombox 3 Portable Speaker Black Best Buy,8358,https://nonsmanonline.com/product/jbl-boombox-3-portable-speaker-black-best-buy/,https://nonsmanonline.com/wp-content/uploads/2025/11/63bdcc4fc6a8b461175e2f8079d95f7fa93f47d7_JBL_JBLBOOMBOX3BLKAS_Speaker_Hero_7.jpg,In Stock,Available
Jbl Boombox 3 Portable Speaker Camouflage Best Buy,8358,https://nonsmanonline.com/product/jbl-boombox-3-portable-speaker-camouflage-best-buy/,https://nonsmanonline.com/wp-content/uploads/2025/11/69398_1660898941.webp,In Stock,Available
JBL Boombox 4 Portable Speaker &#8211; Black,8358,https://nonsmanonline.com/product/jbl-boombox-4-portable-speaker-black/,https://nonsmanonline.com/wp-content/uploads/2025/12/JBL-Boombx-4-black-2.webp,In Stock,Available
JBL Boombox 4 Portable Speaker &#8211; Camouflage,8358,https://nonsmanonline.com/product/jbl-boombox-4-portable-speaker-camouflage/,https://nonsmanonline.com/wp-content/uploads/2026/03/jbl_boombox_4_squad_7-1024x1024.jpg,In Stock,Available
Jbl Channel Soundbar Bar 2.1 Deep Bass,8358,https://nonsmanonline.com/product/jbl-channel-soundbar-bar-2-1-deep-bass/,https://nonsmanonline.com/wp-content/uploads/2025/11/SB_JBL_BAR_2.1_DEEPBASS_Black_BB_EMEA_SOP_Back_1605x1605px.png,In Stock,Available
Jbl Charge 4/5 Pouch Black Best Buy,8358,https://nonsmanonline.com/product/jbl-charge-4-5-pouch-black-best-buy/,https://nonsmanonline.com/wp-content/uploads/2025/11/81AEqIqw4SL._AC_SX425_.jpg,In Stock,Available
Jbl Charge 5 Pouch Black N/M,8358,https://nonsmanonline.com/product/jbl-charge-5-pouch-black-n-m/,https://nonsmanonline.com/wp-content/uploads/woocommerce-placeholder.webp,In Stock,Available
JBL Charge 6 Portable Bluetooth Speaker Black,8358,https://nonsmanonline.com/product/jbl-charge-6-portable-bluetooth-speaker-black/,https://nonsmanonline.com/wp-content/uploads/woocommerce-placeholder.webp,In Stock,Available
Aux 3.5mm Microphone Headphone Jack,8358,https://nonsmanonline.com/product/aux-3-5mm-microphone-headphone-jack/,https://nonsmanonline.com/wp-content/uploads/2025/12/H8451850b32ea40daa2c93e4c3881c491y.avif,In Stock,Available
Computer Bluetooth Adapter CSR V4.0,8358,https://nonsmanonline.com/product/computer-bluetooth-adapter-csr-v4-0/,https://nonsmanonline.com/wp-content/uploads/2025/11/492x492-848.png,In Stock,Available
COTEetCI Mobile Game Finger Cots,8358,https://nonsmanonline.com/product/coteetci-mobile-game-finger-cots/,https://nonsmanonline.com/wp-content/uploads/2025/11/COTEetCI-Mobile-Game-Finger-Set-6Pcs-3.webp,In Stock,Available
DM M.2 Enclosure -NVME To USB 3.1 Casing,8358,https://nonsmanonline.com/product/dm-m-2-enclosure-nvme-to-usb-3-1-casing/,https://nonsmanonline.com/wp-content/uploads/2025/11/DM-M-2-NVME-SSD-10Gbps-to-USB-3-1-Type-C-Converter-Adapter-Enclosure-Case.webp,In Stock,Available
Earldom Aux/Aux201 3.5mm Converter,8358,https://nonsmanonline.com/product/earldom-aux-aux201-3-5mm-converter/,https://nonsmanonline.com/wp-content/uploads/2025/11/EARLDOM-AUX-CONVERTER-700x700-1.jpg,In Stock,Available
Earldom Aux01 Aux Cable 1M,8358,https://nonsmanonline.com/product/earldom-aux01-aux-cable-1m/,https://nonsmanonline.com/wp-content/uploads/2025/11/Earldom-Aux-Cable-1.jpg,In Stock,Available
Earldom M14 Fm Transmitter,8358,https://nonsmanonline.com/product/earldom-m14-fm-transmitter/,https://nonsmanonline.com/wp-content/uploads/2025/11/Earldom-FM-Transmitter.jpg,In Stock,Available
Earldom M93 BT5.0 Audio Receiver,8358,https://nonsmanonline.com/product/earldom-m93-bt5-0-audio-receiver/,https://nonsmanonline.com/wp-content/uploads/2025/11/Earldom-M93-s.png,In Stock,Available
Earldom Nano Android Otg Adapter Best Buy,8358,https://nonsmanonline.com/product/earldom-nano-android-otg-adapter-best-buy/,https://nonsmanonline.com/wp-content/uploads/2025/11/earldom-otg-adapter_440x600.jpg,In Stock,Available
Earldom OT90L Usb-C to 8 pin Adapter,8358,https://nonsmanonline.com/product/earldom-ot90l-usb-c-to-8-pin-adapter/,https://nonsmanonline.com/wp-content/uploads/2025/11/Earldom-OT90L-b.jpg,In Stock,Available
Earldom TC17 Usb-c to 8 pin Adapter,8358,https://nonsmanonline.com/product/earldom-tc17-usb-c-to-8-pin-adapter/,https://nonsmanonline.com/wp-content/uploads/2025/11/ET-TC17-b.webp,In Stock,Available
Hdmi 100M 4K Cable Best Buy,8358,https://nonsmanonline.com/product/hdmi-100m-4k-cable-best-buy/,https://nonsmanonline.com/wp-content/uploads/2022/07/34-1024x1024.png,In Stock,Available
Hdmi Switch Cy35 1X3 4K Best Buy,8358,https://nonsmanonline.com/product/hdmi-switch-cy35-1x3-4k-best-buy/,https://nonsmanonline.com/wp-content/uploads/2025/11/switch.png,In Stock,Available
Hdmi To Display Port/Usb 4K Female Cable H146,8358,https://nonsmanonline.com/product/type-c-hub-2-in-1-4k-v187a/,https://nonsmanonline.com/wp-content/uploads/2025/11/c95f18065a84b7845f3601dc7fc81ce76832ec25_original.jpeg,In Stock,Available
Hdmi To Display Port/Usb 4K Male Cable H147,8358,https://nonsmanonline.com/product/hdmi-to-display-port-usb-4k-male-cable-h147/,https://nonsmanonline.com/wp-content/uploads/2022/07/51uFmyoyCL._AC_UF10001000_QL80_.jpg,In Stock,Available
Hdmi To Hdmi 4K Cable 10M,8358,https://nonsmanonline.com/product/hdmi-to-hdmi-4k-cable-10m/,https://nonsmanonline.com/wp-content/uploads/2025/11/492x492-918.png,In Stock,Available
LDNIO A1204q 1 Port Fast Charger Type-C,8358,https://nonsmanonline.com/product/ldnio-a1204q2-1-port-fast-charger-type-c/,https://nonsmanonline.com/wp-content/uploads/2025/11/typ-c.webp,In Stock,Available
Ldnio A1204Q 1 Port Iphone Fast Charger,8358,https://nonsmanonline.com/product/ldnio-a1204q-1-port-iphone-fast-charger/,https://nonsmanonline.com/wp-content/uploads/2025/11/typ-c.webp,In Stock,Available
LDNIO A2316C 20W PD Fast Android Charger,8358,https://nonsmanonline.com/product/ldnio-a2316c-20w-pd-fast-android-charger/,https://nonsmanonline.com/wp-content/uploads/2025/11/H2c035aab53f444d49cc39cbc2e75f6272.jpg,In Stock,Available
Ldnio A2405q 2 Ports Iphone 30w Fast Charger,8358,https://nonsmanonline.com/product/ldnio-a2405q-2-ports-iphone-fast-charger/,https://nonsmanonline.com/wp-content/uploads/2025/11/212943_1688049969.webp,In Stock,Available
Ldnio A2405q 2 Ports Android 30w Fast Charger,8358,https://nonsmanonline.com/product/ldnio-a2405q-2-ports-android-30w-fast-charger/,https://nonsmanonline.com/wp-content/uploads/2025/11/2178960_ldnio-a2405q-30w-wall-charger-micro-usb-kabel-feher.webp,In Stock,Available
Ldnio A2405q 2 Ports Type-C 30w Fast Charge,8358,https://nonsmanonline.com/product/ldnio-a2405q-2-ports-type-c-30w-fast-charge/,https://nonsmanonline.com/wp-content/uploads/2025/11/30-1-1.webp,In Stock,Available
Ldnio A2522C 30w Fast Charger,8358,https://nonsmanonline.com/product/ldnio-a2522c-30w-fast-charger/,https://nonsmanonline.com/wp-content/uploads/2025/11/LDNIO-A2522C-2.jpg,In Stock,Available
Ldnio A2620C 65W Pd Mini Quick charger High Quality,8358,https://nonsmanonline.com/product/ldnio-a2620c-65w-pd-mini-quick-charger-high-quality/,https://nonsmanonline.com/wp-content/uploads/2025/11/207948_1665244467.webp,In Stock,Available
Ldnio A3511Q 65W Type C Faster Plug Charger,8358,https://nonsmanonline.com/product/ldnio-a3511q-65w-type-c-faster-plug-charger/,https://nonsmanonline.com/wp-content/uploads/2025/11/227899_1706094551.webp,In Stock,Available
Ldnio A4405 4 Ports Type C Charger Best Buy,8358,https://nonsmanonline.com/product/ldnio-a4405-4-ports-type-c-charger-best-buy/,https://nonsmanonline.com/wp-content/uploads/2025/11/158073_1572358030.jpg,In Stock,Available
Ldnio A4808q 65w Desktop Super Fast Charger 1.5m,8358,https://nonsmanonline.com/product/ldnio-a4808q-65w-desktop-super-fast-charger-1-5m/,https://nonsmanonline.com/wp-content/uploads/2025/11/65w-desktop.webp,In Stock,Available
Ldnio A4809C 100W Usb PD QC4 + Desktop Super Fast charger,8358,https://nonsmanonline.com/product/ldnio-a4809c-100w-usb-pd-qc4-desktop-super-fast-charger/,https://nonsmanonline.com/wp-content/uploads/2025/11/LDNIO-A4809C.jpg,In Stock,Available
Ldnio A6140C 140W GaN Fast Desktop 6-Ports Charger,8358,https://nonsmanonline.com/product/ldnio-a6140c-140w-gan-fast-desktop-6-ports-charger/,https://nonsmanonline.com/wp-content/uploads/2025/11/51YEFwHSfhL.jpg,In Stock,Available
Ldnio Aw004 Desktop 32W Wireless Charger Best Buy,8358,https://nonsmanonline.com/product/ldnio-aw004-desktop-32w-wireless-charger-best-buy/,https://nonsmanonline.com/wp-content/uploads/2025/11/32W-Wireless-Desktop-Home-Adapter.png,In Stock,Available
Ldnio C1 38W Car Charger Quick Charge 3.0 &#038; PD Fast,8358,https://nonsmanonline.com/product/ldnio-c1-38w-car-charger-quick-charge-3-0-pd-fast/,https://nonsmanonline.com/wp-content/uploads/2025/11/LDNIO-C1-PD-QC3-0.jpg,In Stock,Available
Ldnio C103 60w Fast Car Charger,8358,https://nonsmanonline.com/product/ldnio-c103-60w-fast-car-charger/,https://nonsmanonline.com/wp-content/uploads/2025/11/SMhSj17CobggOq9mzupKrEciGE9ifAiu0pLFzT5o_1080x1080.jpg,In Stock,Available
Ldnio C107 30W 2-in-1 Car Charger,8358,https://nonsmanonline.com/product/ldnio-c107-30w-2-in-1-car-charger/,https://nonsmanonline.com/wp-content/uploads/2025/11/LDNIO-C107-C-scaled-1.jpg,In Stock,Available
Ldnio C309 2 In 1 Car Charger 3.6A,8358,https://nonsmanonline.com/product/ldnio-c309-2-in-1-car-charger-3-6a/,https://nonsmanonline.com/wp-content/uploads/2025/11/174754_1625631298.webp,In Stock,Available
Ldnio C503Q 2 in 1 Car Fast Charger Iphone,8358,https://nonsmanonline.com/product/ldnio-c503q-2-in-1-car-fast-charger-iphone/,https://nonsmanonline.com/wp-content/uploads/2025/11/ldnio-car-chargerc503q-ldnio-original-imafxg3swrcykxmj.webp,In Stock,Available
Ldnio C503Q 2 in 1 Type C Car Fast Charger,8358,https://nonsmanonline.com/product/ldnio-c503q-dual-usb-qc3-0-car-chargerandroid/,https://nonsmanonline.com/wp-content/uploads/2025/11/LDNIO-2-USB-METAL-FAST-CAR-CHARGER.jpg,In Stock,Available
Earldom Aux01 Aux Cable 1M,1600,https://nonsmanonline.com/product/earldom-aux01-aux-cable-1m/,https://nonsmanonline.com/wp-content/uploads/2025/11/Earldom-Aux-Cable-1.jpg,Out Stock,Unavailable
Earldom Aux10 Aux Cable 2m,1700,https://nonsmanonline.com/product/earldom-aux10-aux-cable-2m/,https://nonsmanonline.com/wp-content/uploads/2025/11/Earldom-AUX-15-Aux-Cable-Female-To-Female-Audio-Cable-With-3-5MM-24K-Gold-Plated.jpg_Q90.jpg_.webp,Out Stock,Unavailable
Earldom BH82 Sport Wireless Headset,8358,https://nonsmanonline.com/product/earldom-bh82-sport-wireless-headset/,https://nonsmanonline.com/wp-content/uploads/2025/11/ngh-550x550h.png,In Stock,Available
Earldom EH202 Air Vent Car Phone Mount,8358,https://nonsmanonline.com/product/earldom-eh202-air-vent-car-phone-mount/,https://nonsmanonline.com/wp-content/uploads/2025/11/Earldom-EH202-a.png,In Stock,Available
Earldom Eh264 Car Phone Holder,8358,https://nonsmanonline.com/product/earldom-eh264-car-phone-holder/,https://nonsmanonline.com/wp-content/uploads/woocommerce-placeholder.webp,In Stock,Available
Earldom Eh271 Windshield Car Mounted Phone/Tab Holder,8358,https://nonsmanonline.com/product/earldom-eh271-windshield-car-mounted-phone-tab-holder/,https://nonsmanonline.com/wp-content/uploads/woocommerce-placeholder.webp,In Stock,Available
Earldom Eh273 Magnetic Folding Phone Stand,8358,https://nonsmanonline.com/product/earldom-eh273-magnetic-folding-phone-stand/,https://nonsmanonline.com/wp-content/uploads/2025/11/9-scaled-1.jpg,In Stock,Available
Earldom EH275 Bicycle and Motorcycle Phone Stand,8358,https://nonsmanonline.com/product/earldom-eh275-bicycle-and-motorcycle-phone-stand/,https://nonsmanonline.com/wp-content/uploads/2025/11/EH275-removebg-preview-1.png,In Stock,Available
Earldom Eh277 Double Sided Magnetic Phone Holder,8358,https://nonsmanonline.com/product/earldom-eh277-double-sided-magnetic-phone-holder/,https://nonsmanonline.com/wp-content/uploads/2025/11/eh277.jpg,In Stock,Available
Earldom Eh285 Magnetic Neck Phone Holder,8358,https://nonsmanonline.com/product/earldom-eh285-magnetic-neck-phone-holder/,https://nonsmanonline.com/wp-content/uploads/2025/11/Earldom-Eh285-A.webp,In Stock,Available
Earldom ET-EH229 Bendable Magnetic Suction Car holder,8358,https://nonsmanonline.com/product/earldom-et-eh229-bendable-magnetic-suction-car-holder/,https://nonsmanonline.com/wp-content/uploads/2025/11/08_1__7.jpg,In Stock,Available
Earldom ET-EH234 Backrest In-Car Holder,8358,https://nonsmanonline.com/product/earldom-et-eh234-backrest-in-car-holder/,https://nonsmanonline.com/wp-content/uploads/2025/11/406189890.webp,In Stock,Available
Earldom SG01 Waveoptix Smart Sunglasses,8358,https://nonsmanonline.com/product/earldom-sg01-waveoptix-smart-sunglasses/,https://nonsmanonline.com/wp-content/uploads/2025/12/6bfffbf4d53cf925c3bb7d260b649db639ed032d_1760619412-1024x1024.jpg,In Stock,Available
Earldom TP01 Children&#8217;s Learning Tablet,8358,https://nonsmanonline.com/product/earldom-tp01-childrens-learning-tablet/,https://nonsmanonline.com/wp-content/uploads/2025/11/Earldom-T03-b.png,In Stock,Available
Earldom TP02 Children&#8217;s Learning Tablet,58000,https://nonsmanonline.com/product/earldom-tp02-childrens-learning-tablet/,https://nonsmanonline.com/wp-content/uploads/2025/11/Earldom-T03-b-1.png,Out Stock,Unavailable
Earldom TP03 Children&#8217;s Learning Tablet,64700,https://nonsmanonline.com/product/earldom-tp03-childrens-learning-tablet/,https://nonsmanonline.com/wp-content/uploads/2025/11/Earldom-T03-b-2.png,Out Stock,Unavailable
Digirich V-Cut Flash Drive 16Gb White,8358,https://nonsmanonline.com/product/digirich-v-cut-flash-drive-16gb-white/,https://nonsmanonline.com/wp-content/uploads/2025/11/usb-fleska-digirich-16gb_c74d97b01eae257e44aa9d5bade97baf2020112417020954631rlXiTom5k9.jpg,In Stock,Available
Digirich V-Cut Flash Drive 32Gb Black,8358,https://nonsmanonline.com/product/digirich-v-cut-flash-drive-32gb-black/,https://nonsmanonline.com/wp-content/uploads/2025/11/1-39.jpg,In Stock,Available
Digirich V-Cut Flash Drive 32Gb White,8358,https://nonsmanonline.com/product/digirich-v-cut-flash-drive-32gb-white/,https://nonsmanonline.com/wp-content/uploads/2022/10/Digirich_Sleek_32gb_Flash-removebg-preview-1-799x1024.png,In Stock,Available
Digirich V-Cut Flash Drive 64Gb Black,8358,https://nonsmanonline.com/product/digirich-v-cut-flash-drive-64gb-black/,https://nonsmanonline.com/wp-content/uploads/2025/11/1ee4fa28f2db38f0cf31030e95928dd1-1.jpg,In Stock,Available
Digirich V-Cut Flash Drive 64Gb White,8358,https://nonsmanonline.com/product/digirich-v-cut-flash-drive-64gb-white/,https://nonsmanonline.com/wp-content/uploads/2025/11/Digi-16gb-Vcut.png,In Stock,Available
Ezashy EZ550 1TB External Sata SSD 550mb/s,8358,https://nonsmanonline.com/product/ezashy-ez550-1tb-external-sata-ssd-550mb-s/,https://nonsmanonline.com/wp-content/uploads/2025/11/ezashy-solid-state-drive-4.png,In Stock,Available
Ezashy Turbo Dual Type-C Otg 128gb,8358,https://nonsmanonline.com/product/ezashy-turbo-dual-type-c-otg-128gb/,https://nonsmanonline.com/wp-content/uploads/2025/11/128gb-1.webp,In Stock,Available
Hiksemi E100 SSD SATA 1TB,8358,https://nonsmanonline.com/product/hiksemi-e100-ssd-sata-1tb/,https://nonsmanonline.com/wp-content/uploads/2026/03/hiksemi-ssd-e100-city-1tb-25-internal-solid-state-drive-382551.webp,In Stock,Available
Hiksemi T100 Pocket Ext. SSD 1tb 450mb/s,8358,https://nonsmanonline.com/product/hiksemi-t100-pocket-ext-ssd-1tb-450mb-s/,https://nonsmanonline.com/wp-content/uploads/2026/03/images-2026-04-07T070456.637.jpg,In Stock,Available
Hiksemi T100 Pocket Ext. SSD 512gb 450mb/s,8358,https://nonsmanonline.com/product/hiksemi-t100-pocket-ext-ssd-512gb-450mb-s/,https://nonsmanonline.com/wp-content/uploads/2026/03/images-2026-04-07T070456.637.jpg,In Stock,Available
Hiksemi Wave Pro NVMe M.2 SSD 2Tb (1Cut),8358,https://nonsmanonline.com/product/hiksemi-wave-pro-nvme-m-2-ssd-2tb-1cut/,https://nonsmanonline.com/wp-content/uploads/2026/03/WAVE-Pro-_P_-MainImage-1.webp,In Stock,Available
HikVision Desire 2.5&#8243; Sata Ssd Int. 1Tb,8358,https://nonsmanonline.com/product/hikvision-desire-2-5-sata-ssd-int-1tb/,https://nonsmanonline.com/wp-content/uploads/2026/03/512gb-1-78721-2195700-120924012452539.jpg,In Stock,Available
i-Flash Device 4 in 1 256gb Flash Drive,8358,https://nonsmanonline.com/product/i-flash-device-4-in-1-256gb-flash-drive/,https://nonsmanonline.com/wp-content/uploads/2025/12/GN4IN1USB512SL-77181.webp,In Stock,Available
i-Flash Device 4 in 1 512gb Flash Drive,8358,https://nonsmanonline.com/product/i-flash-device-4-in-1-512gb-flash-drive/,https://nonsmanonline.com/wp-content/uploads/2025/12/GN4IN1USB512SL-77181.webp,In Stock,Available
Iconix MicroSD Card 16gb 80mb/s,8358,https://nonsmanonline.com/product/iconix-microsd-card-16gb-80mb-s/,https://nonsmanonline.com/wp-content/uploads/2025/11/WhatsApp-Image-2023-11-07-at-11.54.36_96c541d7.jpg,In Stock,Available
Iconix MicroSD Card 32gb 80mb/s,8358,https://nonsmanonline.com/product/iconix-microsd-card-32gb-80mb-s/,https://nonsmanonline.com/wp-content/uploads/2025/11/212939_1697547007.webp,In Stock,Available
Iconix MicroSD Card 4gb 80mb/s,8358,https://nonsmanonline.com/product/iconix-microsd-card-4gb-80mb-s/,https://nonsmanonline.com/wp-content/uploads/2025/11/download-42.jpeg,In Stock,Available
Iconix MicroSD Card 64gb 100mb/s,8358,https://nonsmanonline.com/product/iconix-microsd-card-64gb-100mb-s/,https://nonsmanonline.com/wp-content/uploads/2025/11/212943_1694706910.webp,In Stock,Available
Iconix MicroSD Card 8gb 80mb/s,8358,https://nonsmanonline.com/product/iconix-microsd-card-8gb-80mb-s/,https://nonsmanonline.com/wp-content/uploads/2025/11/212943_1694707192.webp,In Stock,Available
BT-13 Led Cube Light With Clip,8358,https://nonsmanonline.com/product/bt-13-led-cube-light-with-clip/,https://nonsmanonline.com/wp-content/uploads/2024/05/3-6.jpg,In Stock,Available
BY-WM3T2-M2 Boya Wireless Mic,8358,https://nonsmanonline.com/product/by-wm3t2-m2-boya-wireless-mic/,https://nonsmanonline.com/wp-content/uploads/2025/11/S99d53a52097d41c087fa4f741002a67c3.jpg_640x640Q90.jpg_.webp,In Stock,Available
Dji Mic Mini Wireless Microphone,8358,https://nonsmanonline.com/product/dji-mic-mini-wireless-microphone/,https://nonsmanonline.com/wp-content/uploads/2026/03/DJI-Mic-Mini-3.jpg,In Stock,Available
Dji Osmo Pocket 3 Creator Combo Camera,8358,https://nonsmanonline.com/product/dji-osmo-pocket-3-creator-combo-camera/,https://nonsmanonline.com/wp-content/uploads/2025/12/17333_0.png,In Stock,Available
Dji Osmo Pocket 3 Gimbal Camera,8358,https://nonsmanonline.com/product/dji-osmo-pocket-3-gimbal-camera/,https://nonsmanonline.com/wp-content/uploads/2025/11/Dji-Osmo-pocket-3-1.png,In Stock,Available
E-30 Mobile Phone Camera Fill Light RGB,8358,https://nonsmanonline.com/product/e-30-mobile-phone-camera-fill-light-rgb/,https://nonsmanonline.com/wp-content/uploads/2026/04/E30-RGB.jpg,In Stock,Available
Earldom Et-Zp26 Mini Live Broadcast Selfie Stick,8358,https://nonsmanonline.com/product/earldom-et-zp26-mini-live-broadcast-selfie-stick/,https://nonsmanonline.com/wp-content/uploads/2025/11/E-ZP26.webp,In Stock,Available
Feiyu Tech Bag+Pole,8358,https://nonsmanonline.com/product/feiyu-tech-bagpole/,https://nonsmanonline.com/wp-content/uploads/2025/11/61acweKu6L._AC_UF10001000_QL80_.jpg,In Stock,Available
FeiyuTech Scorp 2,8358,https://nonsmanonline.com/product/feiyutech-scorp-2/,https://nonsmanonline.com/wp-content/uploads/2025/11/SCORP-2-D.png,In Stock,Available
Fifine BM63 Boom Microphone Arm Stand,8358,https://nonsmanonline.com/product/fifine-bm63-boom-microphone-arm-stand/,https://nonsmanonline.com/wp-content/uploads/2025/12/FIFINE-BM63-microphone-boom-arm-1024x1024.webp,In Stock,Available
Fifine BM66 Boom Microphone Arm Stand,8358,https://nonsmanonline.com/product/fifine-bm66-boom-microphone-arm-stand/,https://nonsmanonline.com/wp-content/uploads/2025/11/Fifine-BM66-Boom-Microphone-Arm-Stand-5.webp,In Stock,Available
Fifine BM88 Boom Microphone Arm Stand,8358,https://nonsmanonline.com/product/fifine-bm88-boom-microphone-arm-stand/,https://nonsmanonline.com/wp-content/uploads/2025/11/Fifine-BM88-Boom-Microphone-Arm-Stand.webp,In Stock,Available
Fifine Technology K037B Wireless Mic,8358,https://nonsmanonline.com/product/fifine-technology-k037b-wireless-mic/,https://nonsmanonline.com/wp-content/uploads/2025/11/FIFINE-K037B-1.webp,In Stock,Available
Fusender Professional Tripod Stand 8809,8358,https://nonsmanonline.com/product/fusender-professional-tripod-stand-8809/,https://nonsmanonline.com/wp-content/uploads/2025/11/1-69.jpg,In Stock,Available
Godox Geniusmic Mic with Aux Cable,39900,https://nonsmanonline.com/product/godox-geniusmic-mic-with-aux-cable/,https://nonsmanonline.com/wp-content/uploads/2025/11/Godox-Geniusmic-mini-Mobile-Mic-portable-radio-microphone-for-game-live-interview-recording-equipment.webp,Out Stock,Unavailable
Hdmi To Hdmi 4K Cable 30M,8358,https://nonsmanonline.com/product/hdmi-to-hdmi-4k-cable-30m/,https://nonsmanonline.com/wp-content/uploads/2025/11/142677_1584533172.webp,In Stock,Available
Jbl Bar 300 260W 5.0 Channel Soundbar,8358,https://nonsmanonline.com/product/jbl-bar-300-260w-5-0-channel-soundbar/,https://nonsmanonline.com/wp-content/uploads/2025/11/597941-Product-0-I-638152593798992919_grande.webp,In Stock,Available
Crossfire Double Sim Land Phone,8358,https://nonsmanonline.com/product/crossfire-double-sim-land-phone/,https://nonsmanonline.com/wp-content/uploads/2025/11/CROSSFIRE-WIRELESS-GSM-LANDPHONESINGLE-SIM.jpg,In Stock,Available
Earldom EH327 Magnetic Car Phone Holder,8358,https://nonsmanonline.com/product/earldom-eh327-magnetic-car-phone-holder/,https://nonsmanonline.com/wp-content/uploads/2026/04/earldom-et-eh327-magnetic-foldable-car-phone-holder-3600-rotation-metal-basephone-holderearldomsaif-al-najmi-kweh327-3762475-1024x1024.webp,In Stock,Available
E-30 Mobile Phone Camera Fill Light CCT,8358,https://nonsmanonline.com/product/e-30-mobile-phone-camera-fill-light-cct/,https://nonsmanonline.com/wp-content/uploads/2026/04/images-2026-05-08T124442.804.jpg,In Stock,Available
LDNIO C61 Fast Car Charger Auto-ID With 4 USB &#8211; Grey,8358,https://nonsmanonline.com/product/ldnio-c61-fast-car-charger-auto-id-with-4-usb-grey/,https://nonsmanonline.com/wp-content/uploads/2025/11/ldnio-4-port-car-scaled-1.jpg,In Stock,Available
Digirich V-Cut Flash Drive 16gb Black,8358,https://nonsmanonline.com/product/digirich-v-cut-flash-drive-16gb-black/,https://nonsmanonline.com/wp-content/uploads/2025/11/DIGIRICH-16GB2.jpg,In Stock,Available
Apple Airpod Max Headset Green,8358,https://nonsmanonline.com/product/apple-airpod-max-headset-green/,https://nonsmanonline.com/wp-content/uploads/2025/11/Airpod-Max-1.webp,In Stock,Available
Apple Airpod Max Headset White,8358,https://nonsmanonline.com/product/apple-airpod-max-headset-white/,https://nonsmanonline.com/wp-content/uploads/2025/11/67343_1624029989.webp,In Stock,Available
Apple Iphone 15 Earpods/Earpiece Usb-C Ord.,8358,https://nonsmanonline.com/product/apple-iphone-15-earpods-earpiece-usb-c-ord/,https://nonsmanonline.com/wp-content/uploads/2025/11/Hot-Selling-USB-C-Headset-Bass-Stereo-in-Ear-Type-C-Earphones-for-iPhone-15-PRO-Max-Headphone.jpg,In Stock,Available
Apple Usb-C 20W Power Adapter Org,8358,https://nonsmanonline.com/product/apple-usb-c-20w-power-adapter/,https://nonsmanonline.com/wp-content/uploads/2025/11/USB-C-20W-Power-Adapter-2.jpg,In Stock,Available
Apple Usb-C 240w Charging Cable 2m,8358,https://nonsmanonline.com/product/apple-usb-c-240w-charging-cable-2m/,https://nonsmanonline.com/wp-content/uploads/2025/11/download-2024-03-09T152927.818.jpeg,In Stock,Available
Beats Studio 3 ANC Wireless Headphone-Pink,8358,https://nonsmanonline.com/product/beats-studio-3-anc-wireless-headphone-pink/,https://nonsmanonline.com/wp-content/uploads/2023/10/Beats-Solo3-Wireless-On-Ear-Headphones_779488a7-1edd-41a4-8c8e-aed1318063fb_1.c78d9ea73cf1bf20fa50c04515ecfbdd.avif,In Stock,Available
Beats Studio 3 Wireless Headphone-Black,8358,https://nonsmanonline.com/product/beats-studio-3-wireless-headphone-black/,https://nonsmanonline.com/wp-content/uploads/2025/11/69398_1522877936.webp,In Stock,Available
Crossfire Battery 1000Mah,8358,https://nonsmanonline.com/product/crossfire-battery-1000mah-2/,https://nonsmanonline.com/wp-content/uploads/2026/02/ce04377.jpg,In Stock,Available
Crossfire Charger,8358,https://nonsmanonline.com/product/crossfire-charger/,https://nonsmanonline.com/wp-content/uploads/2024/01/51XirNbhjbL.jpg,In Stock,Available
Hard Disk Sata Case 2.0 Yellow,8358,https://nonsmanonline.com/product/hard-disk-sata-case-2-0-yellow/,https://nonsmanonline.com/wp-content/uploads/2026/02/20260228_153744-1024x768.jpg,In Stock,Available
Hard Drive Carrrying Case/Pouch,8358,https://nonsmanonline.com/product/hard-drive-carrrying-case-pouch/,https://nonsmanonline.com/wp-content/uploads/2025/11/images-2024-04-09T122911.910.jpeg,In Stock,Available
Jbl Flip 5 Pouch Black O/m,8358,https://nonsmanonline.com/product/jbl-flip-5-pouch-black-o-m/,https://nonsmanonline.com/wp-content/uploads/2025/11/c2f6102553ceae286fb07237b6f90780123fab3e_original.jpeg,In Stock,Available
Jbl Flip 5/6 Pouch Orange,8358,https://nonsmanonline.com/product/jbl-flip-5-pouch-orange/,https://nonsmanonline.com/wp-content/uploads/2025/11/20220907_100812-scaled-1.jpg,In Stock,Available
Jbl Flip 6 Waterproof Speaker Black,8358,https://nonsmanonline.com/product/jbl-flip-6-waterproof-speaker-black/,https://nonsmanonline.com/wp-content/uploads/2025/11/3-8.jpg,In Stock,Available
Jbl Flip 7 Portable Bluetooth Speaker Black,8358,https://nonsmanonline.com/product/jbl-flip-7-portable-bluetooth-speaker-black/,https://nonsmanonline.com/wp-content/uploads/2025/11/FLIP-7-BLACK-1.webp,In Stock,Available
Hdmi To Hdmi 4K Cable 50M,8358,https://nonsmanonline.com/product/hdmi-to-hdmi-4k-cable-50m/,https://nonsmanonline.com/wp-content/uploads/2025/11/hdmi-50-1.jpg,In Stock,Available
Hdmi To Hdmi Cable 1.5M,8358,https://nonsmanonline.com/product/hdmi-to-hdmi-cable-1-5meters/,https://nonsmanonline.com/wp-content/uploads/2025/11/144309_1594582789.webp,In Stock,Available
LDNIO Dl-c29 3.4a Car Charger &#8211; 2 USB Ports,8358,https://nonsmanonline.com/product/ldnio-dl-c29-3-4a-car-charger-2-usb-ports/,https://nonsmanonline.com/wp-content/uploads/2025/11/LDNIO-Dl-C29-3.6A-CAR-CHARGER_.jpg,In Stock,Available
Apple Airpod Max Headset Black,8358,https://nonsmanonline.com/product/apple-airpod-max-headset-black/,https://nonsmanonline.com/wp-content/uploads/2025/11/SPACE_GRAY.png,In Stock,Available
Iconix Se-15 Usb 3.0 Flash Drive 16gb,8358,https://nonsmanonline.com/product/iconix-se-15-usb-3-0-flash-drive-16gb/,https://nonsmanonline.com/wp-content/uploads/2025/12/download-4.jpg,In Stock,Available
Iconix Se-15 Usb 3.0 Flash Drive 4gb,8358,https://nonsmanonline.com/product/iconix-se-15-usb-3-0-flash-drive-4gb/,https://nonsmanonline.com/wp-content/uploads/2025/12/178883716_NjIwLTYyMC1iZjliNzdkMjNj.webp,In Stock,Available
Iconix Se-15 Usb 3.0 Flash Drive 8gb,8358,https://nonsmanonline.com/product/iconix-se-15-usb-3-0-flash-drive-8gb/,https://nonsmanonline.com/wp-content/uploads/2025/12/WhatsApp-Image-2025-11-13-at-2.37.28-PM-683x1024.jpeg,In Stock,Available
Laptop Internal Hard Drive 1Tb,8358,https://nonsmanonline.com/product/laptop-internal-hard-drive-1tb/,https://nonsmanonline.com/wp-content/uploads/2025/11/1TB-Laptop-Internal-Hard-Drive-8019484.jpg,In Stock,Available
Laptop Internal Hard Drive 2Tb,8358,https://nonsmanonline.com/product/laptop-internal-hard-drive-2tb/,https://nonsmanonline.com/wp-content/uploads/2020/12/WesternDigitalBlue2TB2.5InchInternalLaptopHardDrive_2.webp,In Stock,Available
Printable Id Card Flash 16Gb,8358,https://nonsmanonline.com/product/printable-id-card-flash-16gb/,https://nonsmanonline.com/wp-content/uploads/2025/11/ID-Card-Flash-16GB.jpg,In Stock,Available
Printable Id Card Flash 32Gb,8358,https://nonsmanonline.com/product/printable-id-card-flash-32gb/,https://nonsmanonline.com/wp-content/uploads/2025/11/H4ca16acc75e642779e29a8c5086756d21-1-1.jpg,In Stock,Available
Printable ID Card Flash 8Gb,8358,https://nonsmanonline.com/product/printable-id-card-flash-8gb/,https://nonsmanonline.com/wp-content/uploads/2025/11/H4ca16acc75e642779e29a8c5086756d21-1.jpg,In Stock,Available
JBL Clip 5 Portable Bluetooth Speaker &#8211; Black,8358,https://nonsmanonline.com/product/jbl-clip-5-portable-bluetooth-speaker-black/,https://nonsmanonline.com/wp-content/uploads/woocommerce-placeholder.webp,In Stock,Available
Hp 18.5V 65w Laptop Charger Big Pin Org.,8358,https://nonsmanonline.com/product/hp-18-5v-65w-laptop-charger-big-pin-org/,https://nonsmanonline.com/wp-content/uploads/2025/11/hp-65w-big-pin-org-adapter.jpg,In Stock,Available
Ldnio C704Q Type C Bluetooth Fm Transmitter,8358,https://nonsmanonline.com/product/ldnio-c704q-type-c-bluetooth-fm-transmitter/,https://nonsmanonline.com/wp-content/uploads/2025/11/c704q__13463.1604694462.1280.1280.png,In Stock,Available
Apple 60w Usb-C to Usb-C 1m iphone 15 Cable Ord.,8358,https://nonsmanonline.com/product/apple-60w-usb-c-to-usb-c-1m-iphone-15-cable-ord/,https://nonsmanonline.com/wp-content/uploads/2025/11/IPHONE-CABLE.webp,In Stock,Available
Hiksemi Cap 3.2 64gb Flash,8358,https://nonsmanonline.com/product/hiksemi-cap-3-2-64gb-flash/,https://nonsmanonline.com/wp-content/uploads/silo-product-image-v2-07Mar2026-180039-6974202726607-Straight_on-412900-227_515Wx515H.jpg,In Stock,Available
Dji Osmo MDji Osmo Pocket 4 Gimbal Camera,8358,https://nonsmanonline.com/product/dji-osmo-mdji-osmo-pocket-4-gimbal-camera/,https://nonsmanonline.com/wp-content/uploads/DJI-Osmo-Pocket-4-Standard-Combo-4K-Gimbal-Camera-1024x1024.webp,In Stock,Available
Dji Osmo Mobile 8 Smartphone Gimbal,8358,https://nonsmanonline.com/product/dji-osmo-mobile-8-smartphone-gimbal/,https://nonsmanonline.com/wp-content/uploads/1-50.jpg,In Stock,Available
JBL Bar 500MK2 750W Channel Sound Bar,8358,https://nonsmanonline.com/product/jbl-bar-500mk2-750w-channel-sound-bar/,https://nonsmanonline.com/wp-content/uploads/2026/03/Untitled-design-2026-01-30T115732.674-1.png,In Stock,Available
Airsky Type C to HDTV Adapter HC-12,8358,https://nonsmanonline.com/product/airsky-type-c-to-hdtv-adapter-hc-12/,https://nonsmanonline.com/wp-content/uploads/2025/11/IMG_20240209_134831.jpg,In Stock,Available
Airsky USB-C to Hdmi Cable HC-02B,8358,https://nonsmanonline.com/product/airsky-usb-c-to-hdmi-cable-hc-02b/,https://nonsmanonline.com/wp-content/uploads/2025/11/b7ad85697f646c3f9dc4cd405a325dc1.jpg,In Stock,Available
Airtel 4G Router Zlt S25 (Unlocked),8358,https://nonsmanonline.com/product/airtel-4g-router-zlt-s25-unlocked/,https://nonsmanonline.com/wp-content/uploads/2025/11/207948_1670428996.webp,In Stock,Available
Airtel 4G Wifi Zlt M30 Pro Modem (Unlocked) Best Buy,8358,https://nonsmanonline.com/product/airtel-4g-wifi-modem-unlocked-best-buy/,https://nonsmanonline.com/wp-content/uploads/2025/11/179847_1683970282.webp,In Stock,Available
Airtel Marc 4 Pocket Universal Mifi,8358,https://nonsmanonline.com/product/airtel-marc-4-pocket-universal-mifi/,https://nonsmanonline.com/wp-content/uploads/2025/12/images-60.jpg,In Stock,Available
Airtel Wifi Vida M4 Lte Modem,8358,https://nonsmanonline.com/product/airtel-wifi-vida-m4-lte-modem/,https://nonsmanonline.com/wp-content/uploads/2025/11/1-27.jpg,In Stock,Available
Airtel ZLT T30U 4G Router (Unlocked),8358,https://nonsmanonline.com/product/airtel-zlt-t30u-4g-router-unlocked/,https://nonsmanonline.com/wp-content/uploads/2025/11/Screenshot_20241222-112214.jpg,In Stock,Available
HP 20V3.25A Laptop Charger 65W Usb-C,8358,https://nonsmanonline.com/product/hp-20v3-25a-laptop-charger-65w-usb-c/,https://nonsmanonline.com/wp-content/uploads/2025/11/s-l140-2.webp,In Stock,Available
Iphone Cable (Magnetic),8358,https://nonsmanonline.com/product/iphone-cable-magnetic/,https://nonsmanonline.com/wp-content/uploads/2025/11/492x492-977.png,In Stock,Available
Iphone Charger 12W,8358,https://nonsmanonline.com/product/iphone-charger-12w/,https://nonsmanonline.com/wp-content/uploads/2025/11/158073_1573036533-1.webp,In Stock,Available
iPhone Magsafe Wireless Charger,8358,https://nonsmanonline.com/product/iphone-magsafe-wireless-charger/,https://nonsmanonline.com/wp-content/uploads/2025/11/magsafe_mobile_charger.jpg,In Stock,Available
Ldnio 2M LC122C 65W Usb C to Usb C Data Cable,8358,https://nonsmanonline.com/product/ldnio-2m-lc122c-65w-usb-c-to-usb-c-data-cable-2/,https://nonsmanonline.com/wp-content/uploads/2025/11/Ldnio-2M-LC122C-65W-Usb-C-to-Usb-C-Data-Cable-55.jpg,In Stock,Available
Hiksemi E100 256gb Sata SSD 560mb/s,8358,https://nonsmanonline.com/product/hiksemi-e100-256gb-sata-ssd-560mb-s/,https://nonsmanonline.com/wp-content/uploads/Hiksemi-E100-256GB.webp,In Stock,Available
Hiksemi E100 512gb SSD 560mb/s,8358,https://nonsmanonline.com/product/hiksemi-e100-512gb-ssd-560mb-s/,https://nonsmanonline.com/wp-content/uploads/HS-SSD-E100-512G_Hiksemi-E100-City-Series-512GB-2.5?-SATAIII-SSD_wr_05-1024x1024.jpg,In Stock,Available
Hiksemi E307C Dual Slim Type C 128gb Flash Drive,8358,https://nonsmanonline.com/product/hiksemi-e307c-dual-slim-type-c-128gb-flash-drive/,https://nonsmanonline.com/wp-content/uploads/HS-USB-E307C-32G_wr_05-600x600-1.jpg,In Stock,Available
Hiksemi E307C Dual Slim Type C 32gb Flash Drive,8358,https://nonsmanonline.com/product/hiksemi-e307c-dual-slim-type-c-32gb-flash-drive/,https://nonsmanonline.com/wp-content/uploads/HS-USB-E307C-32G_wr_05-600x600-1.jpg,In Stock,Available
Hiksemi HSC408U32Z1 DDR4 8gb Desktop RAM,8358,https://nonsmanonline.com/product/hiksemi-hsc408u32z1-ddr4-8gb-desktop-ram/,https://nonsmanonline.com/wp-content/uploads/images-2026-06-24T130956.928.jpg,In Stock,Available
Hiksemi M200s Rotary 64Gb 2.0 Usb Flash Drive,8358,https://nonsmanonline.com/product/hiksemi-m200s-rotary-64gb-2-0-usb-flash-drive/,https://nonsmanonline.com/wp-content/uploads/HS-USB-E307C-32G_wr_05-600x600-1.jpg,In Stock,Available
Hiksemi M220P Cap 2.0 32gb V-Cut Flash Drive,8358,https://nonsmanonline.com/product/hiksemi-m220p-cap-2-0-32gb-v-cut-flash-drive/,https://nonsmanonline.com/wp-content/uploads/images-2026-06-24T171033.186.jpg,In Stock,Available
Hiksemi M220P Cap 2.0 64gb V-Cut Flash Drive,8358,https://nonsmanonline.com/product/hiksemi-m220p-cap-2-0-64gb-v-cut-flash-drive/,https://nonsmanonline.com/wp-content/uploads/images-2026-07-06T152530.759.jpg,In Stock,Available
Fujifilm Instax Mini Instant Film Pack 10 Sheets,8358,https://nonsmanonline.com/product/fujifilm-instax-mini-instant-film-pack/,https://nonsmanonline.com/wp-content/uploads/2025/11/instax-film-mini-white-2-pack-ogp-01_new.png,In Stock,Available
HID DigitalPersona Finger Print Recognition System Org.,8358,https://nonsmanonline.com/product/digital-persona-finger-print-recognition-system-org/,https://nonsmanonline.com/wp-content/uploads/2024/05/Fingerprint-1.png,In Stock,Available
JBL Charge 6 Bluetooth Speaker- Camouflage,8358,https://nonsmanonline.com/product/iphone-to-type-c-cable-ord/,https://nonsmanonline.com/wp-content/uploads/woocommerce-placeholder.webp,In Stock,Available
JBL Charge 6 Portable Bluetooth Speaker Blue,8358,https://nonsmanonline.com/product/jbl-charge-6-portable-bluetooth-speaker-blue/,https://nonsmanonline.com/wp-content/uploads/woocommerce-placeholder.webp,In Stock,Available
Hdmi To Hdmi Cable 10M Ord,8358,https://nonsmanonline.com/product/hdmi-to-hdmi-cable-10m-ord/,https://nonsmanonline.com/wp-content/uploads/2025/11/75770_1562400994.webp,In Stock,Available
Hdmi To Hdmi Cable 3M,8358,https://nonsmanonline.com/product/hdmi-to-hdmi-cable-3m/,https://nonsmanonline.com/wp-content/uploads/2025/11/Hdmi-To-Hdmi-Cable-3M.webp,In Stock,Available
Hdmi To Hdmi Cable 5M,8358,https://nonsmanonline.com/product/hdmi-to-hdmi-cable-5m/,https://nonsmanonline.com/wp-content/uploads/2025/11/images-98.jpeg,In Stock,Available
Hiksemi E307C Dual Slim Type C 64gb Flash Drive,8358,https://nonsmanonline.com/product/hiksemi-e307c-dual-slim-type-c-64gb-flash-drive/,https://nonsmanonline.com/wp-content/uploads/HS-USB-E307C-32G_wr_05-600x600-1.jpg,In Stock,Available
Hiksemi M220P Cap 2.0 16gb V-Cut Flash Drive,8358,https://nonsmanonline.com/product/hiksemi-m220p-cap-2-0-16gb-v-cut-flash-drive/,https://nonsmanonline.com/wp-content/uploads/images-2026-06-24T170223.821.jpg,In Stock,Available
Hiksemi M220P Cap 2.0 4gb V-Cut Flash Drive,8358,https://nonsmanonline.com/product/hiksemi-m220p-cap-2-0-4gb-v-cut-flash-drive/,https://nonsmanonline.com/wp-content/uploads/3158734-n2-1.webp,In Stock,Available
Hollyland Lark M2 Mic,8358,https://nonsmanonline.com/product/hollyland-lark-m2-mic/,https://nonsmanonline.com/wp-content/uploads/2026/03/Hollyland-Lark-M2-Wireless-Lavalier-Mic-1024x1024.jpg,In Stock,Available
Insta360 Go 3 Action 64gb Camera CINSABKA,8358,https://nonsmanonline.com/product/insta360-go-3-action-64gb-camera-cinsabka/,https://nonsmanonline.com/wp-content/uploads/2025/11/download-2024-02-23T150102.783.jpeg,In Stock,Available
Insta360 ONE R Twin Edition Camcorder 5k,8358,https://nonsmanonline.com/product/insta360-one-r-twin-edition-camcorder-5k/,https://nonsmanonline.com/wp-content/uploads/2025/11/INSTA360-ONE-R-TWIN-EDITION-MODULAR-CAMERA-1-1000x1000-1.jpg,In Stock,Available
Insta360 One X2 Waterproof Action Camera,8358,https://nonsmanonline.com/product/insta360-one-x2-waterproof-action-camera/,https://nonsmanonline.com/wp-content/uploads/2025/11/insta360-one-x2-360-degree-waterproof-action-camera-5-7k-360-touch-screen-500x500-1.webp,In Stock,Available
K35 Single Wireless Microphone,8358,https://nonsmanonline.com/product/k35-single-wireless-microphone/,https://nonsmanonline.com/wp-content/uploads/2025/11/1-2023-11-01T155506.561.jpg,In Stock,Available
K9 2 in 1 Iphone Wireless Microphone,8358,https://nonsmanonline.com/product/k9-2-in-1-iphone-wireless-microphone/,https://nonsmanonline.com/wp-content/uploads/2025/11/181760_1678606043.webp,In Stock,Available
L07 Selfie Stick With Ring Light,8358,https://nonsmanonline.com/product/l07-selfie-stick-with-ring-light/,https://nonsmanonline.com/wp-content/uploads/2025/11/LO7-Selfie-Stick-Ring-Light.jpg,In Stock,Available
LS-188 RGB-Hand Stick Lamp,8358,https://nonsmanonline.com/product/ls-188-rgb-hand-stick-lamp/,https://nonsmanonline.com/wp-content/uploads/2025/11/34433434.jpg,In Stock,Available
Maono AU-GM10 Usb Conference Mic,8358,https://nonsmanonline.com/product/maono-au-gm10-usb-conference-mic/,https://nonsmanonline.com/wp-content/uploads/2025/11/Maono-AU-GM10-a.png,In Stock,Available
Maono DM30RGB Programme Usb Condenser Mic,8358,https://nonsmanonline.com/product/maono-dm30rgb-programme-usb-condenser-mic/,https://nonsmanonline.com/wp-content/uploads/2025/11/DM30RGB_5_2250x.webp,In Stock,Available
Ldnio Lc102 65W Usb-C to Usb-C Fast Charging Data Cable,8358,https://nonsmanonline.com/product/ldnio-lc102-type-c-to-type-c-pd-usb-cable-output-65w/,https://nonsmanonline.com/wp-content/uploads/2025/11/lc101-lc102_09.jpg,In Stock,Available
Remax K17 2-IN-1 Wireless Microphone,8358,https://nonsmanonline.com/product/remax-k17-2-in-1-wireless-microphone/,https://nonsmanonline.com/wp-content/uploads/2025/11/cnpyr7dk7ggedismeq9t.webp,In Stock,Available
RGB Selfie RingLight Led 18inch,8358,https://nonsmanonline.com/product/rgb-selfie-ringlight-led-18inch/,https://nonsmanonline.com/wp-content/uploads/2025/11/144499_1660744376.webp,In Stock,Available
RGB Selfie RingLight Led 22inch,8358,https://nonsmanonline.com/product/rgb-selfie-ringlight-led-22inch/,https://nonsmanonline.com/wp-content/uploads/2025/11/22-inch-selfie-led-ring-light-with-3-cell-phone-holder-and-3-light-mode-but-without-stand-500x500-1.webp,In Stock,Available
Hiksemi M220P Cap 2.0 8gb V-Cut Flash Drive,8358,https://nonsmanonline.com/product/hiksemi-m220p-cap-2-0-8gb-v-cut-flash-drive/,https://nonsmanonline.com/wp-content/uploads/woocommerce-placeholder.webp,In Stock,Available
Hiksemi NEO 16gb Micro sd,8358,https://nonsmanonline.com/product/hiksemi-neo-16gb-micro-sd/,https://nonsmanonline.com/wp-content/uploads/images-2026-07-06T150411.043.jpg,In Stock,Available
Hiksemi NEO 32gb Micro sd,8358,https://nonsmanonline.com/product/hiksemi-neo-32gb-micro-sd/,https://nonsmanonline.com/wp-content/uploads/woocommerce-placeholder.webp,In Stock,Available
Hiksemi NEO 64gb Micro sd,8358,https://nonsmanonline.com/product/hiksemi-neo-64gb-micro-sd/,https://nonsmanonline.com/wp-content/uploads/woocommerce-placeholder.webp,In Stock,Available
JBL Clip 5 Portable Bluetooth Speaker &#8211; Camouflage,8358,https://nonsmanonline.com/product/jbl-clip-5-portable-bluetooth-speaker-camouflage/,https://nonsmanonline.com/wp-content/uploads/woocommerce-placeholder.webp,In Stock,Available
Ldnio C1 38W Type C Car Charger Quick Charge 3.0 &#038; PD Fast,8358,https://nonsmanonline.com/product/ldnio-c1-38w-car-charger-quick-charge-3-0-pd-fast/,https://nonsmanonline.com/wp-content/uploads/2025/11/LDNIO-C1-PD-QC3-0.jpg,In Stock,Available
Ldnio C107 30W 2-in-1Car Charger,8358,https://nonsmanonline.com/product/ldnio-c107-30w-2-in-1-car-charger/,https://nonsmanonline.com/wp-content/uploads/2025/11/LDNIO-C107-C-scaled-1.jpg,In Stock,Available
LDNIO DL-C29 3.4a Car Charger- 2 USB Ports,8358,https://nonsmanonline.com/product/ldnio-dl-c29-3-4a-car-charger-2-usb-ports/,https://nonsmanonline.com/wp-content/uploads/2025/11/LDNIO-Dl-C29-3.6A-CAR-CHARGER_.jpg,In Stock,Available
Type-C Double Wireless Microphone,8358,https://nonsmanonline.com/product/type-c-double-wireless-microphone/,https://nonsmanonline.com/wp-content/uploads/2025/11/148490_1668276631.webp,In Stock,Available
Hdmi To Hdmi Zy322 3M Cable 4K,8358,https://nonsmanonline.com/product/hdmi-to-hdmi-zy322-3m-cable-4k/,https://nonsmanonline.com/wp-content/uploads/2025/11/o_1ei0a9m5t1o3mgol1amg1op3jued-1.jpg,In Stock,Available
Ezashy EZ550 1TB Internal Sata SSD 550mb/s,8358,https://nonsmanonline.com/product/ezashy-ez550-1tb-external-sata-ssd-550mb-s/,https://nonsmanonline.com/wp-content/uploads/2025/11/ezashy-solid-state-drive-4.png,In Stock,Available
Hiksemi Cap 3.2 128gb Flash,8358,https://nonsmanonline.com/product/hiksemi-cap-3-2-128gb-flash/,https://nonsmanonline.com/wp-content/uploads/silo-product-image-v2-07Mar2026-180039-6974202726607-Straight_on-412900-227_515Wx515H.jpg,In Stock,Available
Type-C Wireless Microphone,8358,https://nonsmanonline.com/product/wireless-clip-on-lavalier-microphone-for-live-vlog-video-type-c/,https://nonsmanonline.com/wp-content/uploads/2025/11/d4urts476VnS4XpgudUYJhNwYz3pVzyn5Zqv2rpm.jpg,In Stock,Available
Hdmi To Hdmi Zy323 5M Cable 4K,8358,https://nonsmanonline.com/product/hdmi-to-hdmi-zy323-5m-cable-4k-org/,https://nonsmanonline.com/wp-content/uploads/2025/11/o_1ei0a9m5t1o3mgol1amg1op3jued.jpg,In Stock,Available
Ldnio Lc131C Usb C To Usb C 1M Cable,8358,https://nonsmanonline.com/product/ldnio-lc131c-usb-c-to-usb-c-1m-cable/,https://nonsmanonline.com/wp-content/uploads/2025/11/1m-lc131c-ldnio-type-c-to-type-c-usb-c-65w-super-fast-pd-charging-cable-36952676925663_1000x.webp,In Stock,Available
Computer Lock LU186,8358,https://nonsmanonline.com/product/computer-lock-lu186/,https://nonsmanonline.com/wp-content/uploads/2025/11/a64a1ee420e8e7d4425cb050ca5ac8fd924e3c4a.webp,In Stock,Available
COTEetCi 14028 Space Series Style Backpack,8358,https://nonsmanonline.com/product/coteetci-14028-space-series-style-backpack/,https://nonsmanonline.com/wp-content/uploads/2025/11/14028.webp,In Stock,Available
COTEetCi 14037 Luxury Series Business Backpack,8358,https://nonsmanonline.com/product/coteetci-14037-luxury-series-business-backpack/,https://nonsmanonline.com/wp-content/uploads/2025/11/8dacf0de-8226-4795-a98b-dd6f6531c31b.webp,In Stock,Available
Hdmi-Display Port/Usb 4K Cable H147 Best Buy,8358,https://nonsmanonline.com/product/hdmi-display-port-usb-4k-cable-h147-best-buy/,https://nonsmanonline.com/wp-content/uploads/2025/11/s-l400-7.jpg,In Stock,Available
LDNIO Lc17/Lc18 65w 4-in-1 Fast Charging Cable,8358,https://nonsmanonline.com/product/ldnio-lc17-65w-4-in-1-fast-charging-cable/,https://nonsmanonline.com/wp-content/uploads/2025/12/17644920822038753571-800x800-1.webp,In Stock,Available
LDNIO Smart Motion-Activated Cabinet Light Y5-1,8358,https://nonsmanonline.com/product/ldnio-smart-motion-activated-cabinet-light-y5-1/,https://nonsmanonline.com/wp-content/uploads/images-7.png,In Stock,Available
